week,week_date,month,icb,synthetic_dgp_version,resp_111_calls,bed_occupancy,dtoc_patients,ae_type1_attendances,ed_4hr_breach_count,ambulance_category_red_calls,elective_admissions,elective_cancellations,acute_admissions_nonelective,total_discharges,staff_absence_rate_pct,critical_care_occupancy_pct,mental_health_inpatient_beds_occ_pct,delayed_transfers_ge_21_days,ooh_primary_care_contacts,community_crisis_team_contacts,gp_same_day_booking_rate_pct,nhs_111_online_assessments_completed,social_care_package_delays_new,infection_isolation_beds_occupied,mean_los_acute_days,winter_pressure_index_demo
10,2023-03-13,3.0,NHS Birmingham and Solihull ICB,2026.04.8,44.0,92.66917942423213,2.0,857.0,62.0,46.0,372.0,40.0,600.0,951.0,6.450499005043373,73.61964095061323,81.36613526194304,53.0,1293.0,220.0,41.96942668544983,1904.0,34.0,16.0,6.0625836530923625,4.694600393914578
11,2023-03-20,3.0,NHS Birmingham and Solihull ICB,2026.04.8,102.0,87.88797465849534,3.0,896.0,143.0,65.0,362.0,59.0,522.0,864.0,5.810093209868736,75.58339406959459,81.86195010232308,45.0,1199.0,269.0,37.38234220483298,1849.0,53.0,17.0,5.088640934356697,5.2411528261836295
12,2023-03-27,3.0,NHS Birmingham and Solihull ICB,2026.04.8,62.0,89.77423473829826,5.0,924.0,126.0,54.0,392.0,43.0,561.0,924.0,5.9724344108613385,76.45817113785566,82.30299995057707,39.0,1199.0,267.0,35.984181956173465,1953.0,46.0,19.0,5.703051917954789,5.019985030823514
13,2023-04-03,4.0,NHS Birmingham and Solihull ICB,2026.04.8,48.0,91.4293043046382,6.0,901.0,48.0,62.0,351.0,44.0,594.0,937.0,6.234587016884589,77.78196777755353,82.03200649491849,65.0,1183.0,214.0,39.05243416941497,1943.0,50.0,18.0,5.4694290172925,3.867770482334034
14,2023-04-10,4.0,NHS Birmingham and Solihull ICB,2026.04.8,59.0,97.7433106468052,7.0,897.0,69.0,55.0,367.0,25.0,640.0,1034.0,6.6488360567881095,75.3526286264132,80.38527332426642,54.0,1286.0,225.0,34.69896850833224,1810.0,40.0,15.0,5.562236780069223,4.822334742688891
15,2023-04-17,4.0,NHS Birmingham and Solihull ICB,2026.04.8,,89.50432296181168,2.0,929.0,107.0,45.0,346.0,22.0,554.0,878.0,5.906055684501705,83.67815270338227,80.09791964426346,60.0,1284.0,204.0,38.169815701823616,1935.0,35.0,16.0,5.68531939524794,4.381066330067546
16,2023-04-24,4.0,NHS Birmingham and Solihull ICB,2026.04.8,69.0,95.5376285015989,4.0,926.0,155.0,63.0,347.0,44.0,511.0,826.0,6.339070233690848,73.86922088633676,78.92817856498232,65.0,1310.0,217.0,,1892.0,49.0,25.0,5.7510544163011,5.28689397329099
17,2023-05-01,5.0,NHS Birmingham and Solihull ICB,2026.04.8,52.0,93.10074657500124,3.0,792.0,61.0,54.0,316.0,58.0,561.0,892.0,6.499930557346703,79.65649940661373,84.13012520690005,47.0,1361.0,232.0,37.212589202486654,2076.0,47.0,25.0,5.439222847787375,4.4297207078904375
18,2023-05-08,5.0,NHS Birmingham and Solihull ICB,2026.04.8,58.0,90.05698030611417,4.0,938.0,102.0,51.0,359.0,,586.0,952.0,5.99100044093287,68.93356424018502,83.49347707069387,66.0,1218.0,204.0,38.56257396322979,2018.0,22.0,16.0,5.235888427579075,4.593802948529481
19,2023-05-15,5.0,NHS Birmingham and Solihull ICB,2026.04.8,73.0,93.7112460291893,3.0,939.0,89.0,52.0,358.0,52.0,553.0,886.0,7.094014549705624,68.97439798803057,88.25601617610548,67.0,1293.0,284.0,35.9819412022668,1817.0,38.0,22.0,5.084654031128363,4.147564882744936
20,2023-05-22,5.0,NHS Birmingham and Solihull ICB,2026.04.8,85.0,87.662341487949,7.0,940.0,98.0,67.0,395.0,54.0,594.0,955.0,6.221340912706975,81.03188863621136,88.02479430933106,61.0,1206.0,291.0,36.72682232231083,1920.0,35.0,29.0,5.810287512365607,4.643776929239294
21,2023-05-29,5.0,NHS Birmingham and Solihull ICB,2026.04.8,76.0,91.43236168164208,3.0,864.0,103.0,50.0,371.0,41.0,666.0,983.0,6.305485350892573,78.79254100309424,80.18414185695708,64.0,1293.0,247.0,40.3460767976935,1906.0,43.0,21.0,5.657696776590057,4.043714669374441
22,2023-06-05,6.0,NHS Birmingham and Solihull ICB,2026.04.8,87.0,94.49155180792653,7.0,938.0,114.0,51.0,388.0,46.0,547.0,900.0,5.658249128214399,81.70306968737984,81.00240005533634,64.0,1353.0,285.0,36.61965722073077,2003.0,42.0,24.0,6.088523870754894,4.690762887720713
23,2023-06-12,6.0,NHS Birmingham and Solihull ICB,2026.04.8,65.0,94.7791462235168,6.0,927.0,70.0,57.0,385.0,51.0,601.0,928.0,7.407679367381462,83.43187923313178,84.53730510638665,46.0,1319.0,285.0,42.80203296664158,1931.0,47.0,15.0,5.029171468633245,5.047512237110051
24,2023-06-19,6.0,NHS Birmingham and Solihull ICB,2026.04.8,81.0,90.0877951204069,7.0,1016.0,82.0,52.0,384.0,43.0,597.0,930.0,6.1484150503488415,81.61654970915805,84.9508234519574,56.0,1447.0,269.0,39.11225385678649,1973.0,45.0,24.0,5.505363124589092,4.77931008011619
25,2023-06-26,6.0,NHS Birmingham and Solihull ICB,2026.04.8,86.0,97.04783620557372,8.0,970.0,144.0,63.0,378.0,47.0,708.0,1103.0,6.629042025573922,82.12475594521335,83.6452430569888,68.0,1351.0,238.0,42.07088553860388,1941.0,62.0,28.0,5.320779896973585,4.373066849155677
26,2023-07-03,7.0,NHS Birmingham and Solihull ICB,2026.04.8,70.0,97.61598459162214,2.0,979.0,128.0,46.0,379.0,44.0,635.0,1026.0,7.666442673919333,80.39423358470466,86.94294426042775,70.0,1303.0,253.0,39.49483601229253,2116.0,61.0,19.0,5.093136020694948,4.18230375650619
27,2023-07-10,7.0,NHS Birmingham and Solihull ICB,2026.04.8,58.0,91.4392628466429,4.0,856.0,85.0,52.0,368.0,49.0,592.0,913.0,7.137225980722863,85.54863604211144,83.04960606256616,63.0,1206.0,250.0,,1903.0,33.0,23.0,5.423023411530362,4.735869071552635
28,2023-07-17,7.0,NHS Birmingham and Solihull ICB,2026.04.8,85.0,95.5752216999707,2.0,972.0,154.0,63.0,391.0,42.0,650.0,1016.0,7.042407296999107,75.71089305321253,77.97135344476142,62.0,1320.0,270.0,39.72730498105438,2164.0,46.0,21.0,5.600181628390248,4.142103107543261
29,2023-07-24,7.0,NHS Birmingham and Solihull ICB,2026.04.8,106.0,94.22343512857408,2.0,947.0,89.0,63.0,380.0,43.0,627.0,993.0,6.155552167413237,74.06951788172587,77.73137877781652,45.0,1213.0,249.0,33.97877746613422,1888.0,40.0,21.0,5.656017509139857,4.035062714575185
30,2023-07-31,7.0,NHS Birmingham and Solihull ICB,2026.04.8,70.0,88.42039468444445,5.0,926.0,93.0,58.0,423.0,42.0,633.0,996.0,6.72138204103137,83.57798601846906,83.83659820798816,67.0,1270.0,231.0,35.93177829928615,1968.0,36.0,18.0,5.6521739696083175,4.184133723408918
31,2023-08-07,8.0,NHS Birmingham and Solihull ICB,2026.04.8,91.0,92.6767662929309,6.0,927.0,114.0,62.0,345.0,54.0,607.0,943.0,6.535753499131763,80.67167974600063,88.02457455229867,62.0,1249.0,269.0,41.26104342399999,1913.0,58.0,24.0,5.819361203133539,4.600935002816177
32,2023-08-14,8.0,NHS Birmingham and Solihull ICB,2026.04.8,85.0,89.82480157530271,6.0,947.0,107.0,64.0,375.0,42.0,559.0,946.0,6.80064712634966,79.97383219855345,88.04819084527853,59.0,1346.0,272.0,36.77574272651364,1937.0,42.0,22.0,5.703125508209776,4.901341359117257
33,2023-08-21,8.0,NHS Birmingham and Solihull ICB,2026.04.8,48.0,88.43492054625088,7.0,889.0,104.0,54.0,301.0,29.0,612.0,870.0,7.220911270462625,72.66995134441777,88.00652463106931,46.0,1369.0,257.0,34.92647050659124,1873.0,28.0,20.0,5.600258821637202,4.043543138586301
34,2023-08-28,8.0,NHS Birmingham and Solihull ICB,2026.04.8,59.0,87.39369681330838,4.0,978.0,86.0,64.0,398.0,49.0,595.0,957.0,6.708153130540842,72.13431201004998,77.80092450830041,44.0,1439.0,244.0,35.49790014492273,1916.0,40.0,20.0,5.823806256049696,3.983477900441112
35,2023-09-04,9.0,NHS Birmingham and Solihull ICB,2026.04.8,55.0,89.10648480056875,1.0,917.0,82.0,45.0,368.0,40.0,575.0,896.0,5.696040429535534,76.22505390998455,88.61388423724402,56.0,1220.0,252.0,38.91546260117958,2002.0,44.0,14.0,5.616955244363771,4.410415629187689
36,2023-09-11,9.0,NHS Birmingham and Solihull ICB,2026.04.8,53.0,86.91691004984165,5.0,898.0,114.0,53.0,391.0,46.0,596.0,960.0,6.011133249196232,81.72212578234102,77.30961082502077,62.0,1240.0,261.0,42.02791581736308,1904.0,46.0,17.0,4.9368582937046,4.033757837067695
37,2023-09-18,9.0,NHS Birmingham and Solihull ICB,2026.04.8,43.0,90.9137857388826,5.0,893.0,130.0,65.0,325.0,40.0,643.0,967.0,6.242922265253039,73.69322037127998,79.26152106929834,64.0,1252.0,239.0,42.40475611604656,1890.0,48.0,22.0,5.741404760707446,3.714168636733769
38,2023-09-25,9.0,NHS Birmingham and Solihull ICB,2026.04.8,61.0,90.70134227616782,5.0,944.0,106.0,59.0,312.0,40.0,631.0,914.0,6.720383717898396,70.25712666840697,75.80794514383487,61.0,1354.0,232.0,42.64181655350448,2103.0,33.0,24.0,5.909629500717243,4.010834782705967
39,2023-10-02,10.0,NHS Birmingham and Solihull ICB,2026.04.8,39.0,89.5707625419954,3.0,965.0,84.0,50.0,396.0,44.0,591.0,970.0,5.246670335470885,73.53113199011207,79.50887164918615,37.0,1199.0,284.0,39.06224782957082,2062.0,22.0,24.0,5.4763622657505495,4.334009120872141
40,2023-10-09,10.0,NHS Birmingham and Solihull ICB,2026.04.8,69.0,95.12956704059032,4.0,918.0,135.0,57.0,395.0,41.0,600.0,974.0,6.407029292647671,74.18782420557399,77.82991513170194,51.0,1275.0,274.0,37.49188556879433,1902.0,41.0,17.0,5.790556706981072,4.619942152510529
41,2023-10-16,10.0,NHS Birmingham and Solihull ICB,2026.04.8,87.0,89.28039774498801,7.0,908.0,85.0,60.0,391.0,44.0,605.0,978.0,6.217552210520347,77.33022160576152,82.5668223802196,54.0,1321.0,250.0,41.33568618511103,1930.0,48.0,21.0,5.747479488033057,4.651800868943062
42,2023-10-23,10.0,NHS Birmingham and Solihull ICB,2026.04.8,84.0,87.31796067188675,5.0,888.0,76.0,67.0,376.0,44.0,597.0,917.0,5.654192982807443,72.61101044939119,88.66963302903179,58.0,1291.0,202.0,39.07569481890612,1991.0,44.0,24.0,5.500255703451113,3.670712255799849
43,2023-10-30,10.0,NHS Birmingham and Solihull ICB,2026.04.8,83.0,93.6917066472191,5.0,860.0,113.0,61.0,406.0,57.0,530.0,921.0,6.38010026515698,76.26770969184949,83.26801002615707,66.0,1348.0,233.0,40.63311658222488,1903.0,42.0,23.0,5.476745603927906,4.83163326775056
44,2023-11-06,11.0,NHS Birmingham and Solihull ICB,2026.04.8,89.0,91.01179987415134,3.0,877.0,114.0,66.0,364.0,43.0,632.0,974.0,6.1323083733866985,80.16165851150218,88.14010428535435,60.0,1308.0,237.0,38.59228269290665,1827.0,35.0,23.0,5.402852695767591,5.033196278944101
45,2023-11-13,11.0,NHS Birmingham and Solihull ICB,2026.04.8,88.0,94.01777667957288,5.0,960.0,123.0,77.0,359.0,52.0,574.0,892.0,6.89062064208322,72.77022757998525,77.41881997223092,66.0,1347.0,244.0,39.4847587689365,1990.0,26.0,25.0,5.898683100116777,4.806300627399152
46,2023-11-20,11.0,NHS Birmingham and Solihull ICB,2026.04.8,92.0,96.39018497697424,2.0,985.0,109.0,64.0,339.0,42.0,641.0,958.0,7.287604967118058,73.70067590461964,84.34343925474506,71.0,1285.0,247.0,37.69682132657184,1881.0,57.0,18.0,5.804521843053322,4.723496533646135
47,2023-11-27,11.0,NHS Birmingham and Solihull ICB,2026.04.8,82.0,93.77715942526068,4.0,880.0,106.0,53.0,378.0,59.0,634.0,958.0,7.326579749384863,80.14245387188969,80.0046086647851,77.0,1385.0,290.0,38.563621118718544,2008.0,23.0,22.0,5.376630494089186,4.759480259943247
48,2023-12-04,12.0,NHS Birmingham and Solihull ICB,2026.04.8,74.0,95.40670987476328,5.0,963.0,81.0,49.0,328.0,57.0,630.0,945.0,7.718612459804228,81.26182148088994,84.19696739712134,73.0,1345.0,235.0,36.661407334351686,1862.0,40.0,18.0,5.4673321890027085,5.301125716314559
49,2023-12-11,12.0,NHS Birmingham and Solihull ICB,2026.04.8,90.0,92.46065489905176,6.0,981.0,118.0,58.0,361.0,31.0,570.0,935.0,5.865731028135593,77.43083986793386,82.92830845058297,80.0,1347.0,291.0,38.988843414818135,1934.0,53.0,15.0,5.297341865431256,4.821399907993999
50,2023-12-18,12.0,NHS Birmingham and Solihull ICB,2026.04.8,99.0,92.97488326271252,5.0,960.0,99.0,68.0,380.0,44.0,575.0,888.0,6.970471431677479,83.77189410246162,77.74633408562053,60.0,1237.0,257.0,,2085.0,37.0,26.0,5.81513042808716,4.62603277338023
51,2023-12-25,12.0,NHS Birmingham and Solihull ICB,2026.04.8,115.0,90.94105559136013,8.0,917.0,120.0,54.0,393.0,56.0,618.0,1017.0,7.167112412852097,78.65360291727646,85.16710117055207,56.0,1280.0,286.0,35.7946199003005,2091.0,60.0,29.0,5.688390224597324,4.816822825879038
52,2024-01-01,1.0,NHS Birmingham and Solihull ICB,2026.04.8,93.0,93.4099220664996,7.0,903.0,99.0,73.0,380.0,,578.0,945.0,7.320502913711747,78.45053586871265,81.6950447116897,60.0,1200.0,222.0,38.179654050806086,1913.0,36.0,19.0,5.997050494991412,4.6872083824277055
53,2024-01-08,1.0,NHS Birmingham and Solihull ICB,2026.04.8,,92.16165381873786,7.0,974.0,144.0,52.0,373.0,44.0,579.0,981.0,6.818122980185115,78.57547532967783,84.77769975409423,56.0,1264.0,239.0,37.93802208935063,1878.0,48.0,16.0,5.99033843689723,5.015742724145276
54,2024-01-15,1.0,NHS Birmingham and Solihull ICB,2026.04.8,78.0,90.74582262995308,4.0,937.0,94.0,68.0,351.0,45.0,639.0,984.0,7.08772426821302,77.436096073847,83.98608526339633,31.0,1355.0,213.0,33.95450306968627,1967.0,32.0,27.0,6.14229372401773,5.0134527872995776
55,2024-01-22,1.0,NHS Birmingham and Solihull ICB,2026.04.8,,96.09283314548397,0.0,962.0,144.0,48.0,384.0,45.0,613.0,958.0,6.3813283015753415,79.06478502878974,80.02474018296648,50.0,1295.0,224.0,38.46121415392525,2027.0,27.0,24.0,5.460905907869572,4.735480105714028
56,2024-01-29,1.0,NHS Birmingham and Solihull ICB,2026.04.8,113.0,91.79875238760516,7.0,1012.0,130.0,80.0,333.0,57.0,616.0,909.0,7.022608371780311,80.32455208152193,82.89366384489877,65.0,1226.0,265.0,38.146151187796086,1975.0,51.0,25.0,5.703448879830986,5.149421147179391
57,2024-02-05,2.0,NHS Birmingham and Solihull ICB,2026.04.8,97.0,92.21695390799658,6.0,986.0,118.0,62.0,364.0,44.0,563.0,920.0,6.420990171136401,78.51974565680534,84.2016714136149,43.0,1284.0,226.0,37.462376201950775,1918.0,39.0,22.0,5.603167013324913,4.541924405473389
58,2024-02-12,2.0,NHS Birmingham and Solihull ICB,2026.04.8,93.0,94.50620684092902,10.0,967.0,138.0,75.0,392.0,52.0,638.0,1007.0,6.3499065543008975,81.58262734132279,87.40258250925415,60.0,1263.0,250.0,34.43652398758791,1892.0,45.0,23.0,5.896513063955268,5.36238665297802
59,2024-02-19,2.0,NHS Birmingham and Solihull ICB,2026.04.8,105.0,94.31543837425656,7.0,931.0,91.0,49.0,437.0,53.0,566.0,975.0,5.2618786153012245,79.9949457402096,82.0268000411286,40.0,1332.0,214.0,39.501040973581055,2002.0,34.0,27.0,5.924136118796807,5.423002312743894
60,2024-02-26,2.0,NHS Birmingham and Solihull ICB,2026.04.8,123.0,92.3130272614128,4.0,933.0,118.0,63.0,326.0,,576.0,874.0,6.721201190307435,82.79056723216524,88.33192359899097,48.0,1429.0,239.0,39.78679576943509,1852.0,39.0,25.0,5.509766812672961,5.798836428426563
61,2024-03-04,3.0,NHS Birmingham and Solihull ICB,2026.04.8,,91.94436418460536,7.0,898.0,97.0,63.0,361.0,36.0,632.0,972.0,6.754572711333107,83.79944029070663,81.43227859668836,66.0,1312.0,256.0,40.06379954249031,1865.0,53.0,19.0,5.147473971067768,4.649899209948004
62,2024-03-11,3.0,NHS Birmingham and Solihull ICB,2026.04.8,,91.04143237808944,3.0,939.0,91.0,45.0,390.0,28.0,632.0,988.0,7.453082157287331,85.87990493003413,89.53635012044305,64.0,1344.0,264.0,38.90017323563818,2130.0,52.0,25.0,5.7198903092245,5.5787123575538455
63,2024-03-18,3.0,NHS Birmingham and Solihull ICB,2026.04.8,100.0,91.71648635799122,4.0,997.0,123.0,63.0,423.0,60.0,606.0,1041.0,6.154360369276716,77.38514661307175,76.51432029656544,51.0,1296.0,285.0,39.763363204792434,2167.0,43.0,18.0,5.283757015153808,5.530386256830068
64,2024-03-25,3.0,NHS Birmingham and Solihull ICB,2026.04.8,108.0,92.65644618468488,6.0,923.0,100.0,70.0,416.0,52.0,679.0,1081.0,6.878007830577183,75.44205656455806,86.5785826554638,69.0,1239.0,176.0,34.20347922896602,2115.0,53.0,21.0,5.372590672202586,4.689788404843429
65,2024-04-01,4.0,NHS Birmingham and Solihull ICB,2026.04.8,106.0,92.11524981007425,3.0,916.0,88.0,57.0,356.0,43.0,589.0,920.0,7.355712553149196,79.54103132517825,84.92147748529307,78.0,1394.0,227.0,38.05277546879044,2021.0,40.0,15.0,5.5903278735064825,4.233944951094202
66,2024-04-08,4.0,NHS Birmingham and Solihull ICB,2026.04.8,121.0,93.3436034547086,2.0,908.0,108.0,61.0,408.0,51.0,603.0,993.0,6.193985651780306,74.23422020389965,78.81162690286926,61.0,1292.0,237.0,39.76694228990245,1798.0,33.0,16.0,5.702405106376028,4.8195356288009625
67,2024-04-15,4.0,NHS Birmingham and Solihull ICB,2026.04.8,98.0,91.712105757547,4.0,914.0,90.0,51.0,359.0,48.0,558.0,924.0,7.105217394063147,78.1345906057893,86.84064464628857,45.0,1407.0,276.0,37.49836584291784,1973.0,43.0,23.0,5.467123172646406,4.145222571302137
68,2024-04-22,4.0,NHS Birmingham and Solihull ICB,2026.04.8,85.0,93.33740484503905,4.0,910.0,110.0,49.0,401.0,40.0,594.0,939.0,5.603314950666541,78.95327855741864,83.96519156348897,83.0,1245.0,238.0,40.265335575733616,2163.0,42.0,23.0,5.670896396663699,4.462239238132972
69,2024-04-29,4.0,NHS Birmingham and Solihull ICB,2026.04.8,67.0,89.94174950267256,3.0,898.0,66.0,47.0,381.0,44.0,634.0,964.0,5.793445069229043,80.14068643400473,86.39537468667625,56.0,1230.0,264.0,39.7325473449247,1834.0,32.0,23.0,5.462538847690016,4.335506591141096
70,2024-05-06,5.0,NHS Birmingham and Solihull ICB,2026.04.8,40.0,91.5761304718074,4.0,892.0,135.0,52.0,375.0,37.0,595.0,968.0,6.392060357417877,74.24196825643845,78.09844106820445,64.0,1286.0,202.0,38.66793336420296,1865.0,30.0,21.0,5.782380812624917,4.210673838973768
71,2024-05-13,5.0,NHS Birmingham and Solihull ICB,2026.04.8,89.0,92.96078854074366,1.0,900.0,77.0,58.0,393.0,56.0,579.0,952.0,5.512372276170975,77.24735196166434,83.29114146320792,56.0,1270.0,233.0,38.67573986484152,1988.0,31.0,15.0,5.216304702014636,4.638000799719315
72,2024-05-20,5.0,NHS Birmingham and Solihull ICB,2026.04.8,45.0,90.34539924788548,5.0,941.0,124.0,57.0,372.0,27.0,516.0,856.0,5.575506834852809,75.27123804197956,81.0334889088417,61.0,1207.0,245.0,37.59482196655416,1860.0,32.0,9.0,5.691820448665385,4.182924525912294
73,2024-05-27,5.0,NHS Birmingham and Solihull ICB,2026.04.8,47.0,92.09961985580854,6.0,885.0,100.0,54.0,352.0,37.0,574.0,930.0,5.245834868968993,68.84947290757114,82.48397180909956,27.0,1280.0,236.0,39.94276915258753,1821.0,35.0,17.0,4.9398093496748166,4.352394657031554
74,2024-06-03,6.0,NHS Birmingham and Solihull ICB,2026.04.8,30.0,81.40997738089844,1.0,960.0,106.0,43.0,329.0,33.0,611.0,906.0,5.57147991064218,77.23404561078159,80.05623110574595,57.0,1291.0,205.0,44.47614635084377,1997.0,32.0,19.0,5.089181858822425,3.887846477232433
75,2024-06-10,6.0,NHS Birmingham and Solihull ICB,2026.04.8,43.0,91.47840653362174,3.0,959.0,103.0,46.0,404.0,36.0,504.0,878.0,4.96603135775619,78.1613323849184,80.8790273770491,56.0,1337.0,258.0,45.95757848359823,1902.0,46.0,13.0,5.304966091345052,3.7746020881047695
76,2024-06-17,6.0,NHS Birmingham and Solihull ICB,2026.04.8,45.0,88.37196247561187,1.0,860.0,127.0,32.0,381.0,44.0,552.0,879.0,6.013309428222076,84.2276003527239,79.76258893544802,59.0,1213.0,250.0,43.09989240110355,1886.0,48.0,13.0,5.587838028339424,3.890593181776621
77,2024-06-24,6.0,NHS Birmingham and Solihull ICB,2026.04.8,57.0,88.71962667075012,3.0,885.0,103.0,37.0,382.0,52.0,581.0,939.0,6.189751742889292,76.83557066710378,79.6316146155683,65.0,1293.0,254.0,37.862231242365326,1819.0,41.0,16.0,5.665079329344211,3.816936722755289
78,2024-07-01,7.0,NHS Birmingham and Solihull ICB,2026.04.8,40.0,85.1410196596467,4.0,894.0,99.0,39.0,374.0,30.0,578.0,963.0,6.635315898075861,79.53262215050472,76.95270665251101,42.0,1201.0,260.0,44.08222638808433,1803.0,32.0,19.0,5.074421540882452,4.21536707134601
79,2024-07-08,7.0,NHS Birmingham and Solihull ICB,2026.04.8,35.0,85.49176657368008,6.0,898.0,113.0,56.0,387.0,41.0,566.0,968.0,5.616408562153629,79.13519352477414,80.21510054959552,39.0,1279.0,206.0,40.11777649954856,2029.0,30.0,18.0,5.355884563428968,3.737451461787738
80,2024-07-15,7.0,NHS Birmingham and Solihull ICB,2026.04.8,26.0,86.62504537915467,4.0,845.0,88.0,35.0,383.0,38.0,546.0,912.0,6.3294013707185846,79.73688996790858,81.93122218033277,45.0,1279.0,199.0,42.52279758428491,2112.0,48.0,8.0,5.671286854005254,3.737668456823097
81,2024-07-22,7.0,NHS Birmingham and Solihull ICB,2026.04.8,23.0,82.65928198960334,2.0,872.0,104.0,28.0,328.0,30.0,549.0,868.0,4.900204674392681,73.6704922797452,75.01786932928535,54.0,1257.0,200.0,34.85543163744371,1945.0,32.0,13.0,5.803543530112122,3.788611782175693
82,2024-07-29,7.0,NHS Birmingham and Solihull ICB,2026.04.8,,83.52272550342289,2.0,854.0,54.0,37.0,382.0,35.0,494.0,876.0,5.470132756517288,72.94039979313197,79.96088039224578,50.0,1211.0,174.0,39.40220412378004,1894.0,32.0,16.0,5.074445550102173,3.412377772741505
83,2024-08-05,8.0,NHS Birmingham and Solihull ICB,2026.04.8,31.0,85.21101471859195,3.0,905.0,101.0,46.0,331.0,49.0,568.0,847.0,5.063931153996347,79.54634070954563,81.20598224568695,36.0,1256.0,237.0,40.431094313232194,1981.0,33.0,20.0,5.524482309669171,3.66874350746602
84,2024-08-12,8.0,NHS Birmingham and Solihull ICB,2026.04.8,30.0,86.82039870932658,4.0,906.0,45.0,49.0,384.0,30.0,570.0,914.0,5.110096028015058,76.31549176668449,74.37221560938711,49.0,1264.0,285.0,41.66221279141821,1675.0,34.0,19.0,5.259038946240972,3.514556004100447
85,2024-08-19,8.0,NHS Birmingham and Solihull ICB,2026.04.8,36.0,89.59238528980251,1.0,844.0,113.0,30.0,368.0,22.0,534.0,884.0,4.030883424320251,70.31904894076241,81.2226497410504,41.0,1212.0,186.0,37.695331915004765,1895.0,31.0,17.0,5.292247098013566,4.076635605291253
86,2024-08-26,8.0,NHS Birmingham and Solihull ICB,2026.04.8,,89.74463966206271,6.0,898.0,131.0,43.0,403.0,34.0,498.0,921.0,5.5769451318897865,78.48040471672958,80.93758467461384,43.0,1153.0,227.0,42.04929864654503,1818.0,33.0,17.0,5.911894142355195,3.947570134098018
87,2024-09-02,9.0,NHS Birmingham and Solihull ICB,2026.04.8,25.0,90.19550899070472,1.0,848.0,78.0,36.0,385.0,38.0,572.0,941.0,4.296790643937848,76.27942202559264,75.34174082050627,13.0,1182.0,232.0,43.342429042471565,1937.0,48.0,16.0,5.106099672487114,4.114218353531357
88,2024-09-09,9.0,NHS Birmingham and Solihull ICB,2026.04.8,27.0,83.94031112916569,6.0,851.0,82.0,46.0,291.0,24.0,558.0,826.0,5.472293725465911,75.02066329241897,77.91387744135207,51.0,1333.0,235.0,43.4685620121515,1796.0,37.0,16.0,5.575811428710583,3.804764943982208
89,2024-09-16,9.0,NHS Birmingham and Solihull ICB,2026.04.8,34.0,88.54712112496927,2.0,831.0,62.0,63.0,382.0,41.0,571.0,890.0,6.000379733857393,74.3330847806969,79.4581630086126,51.0,1260.0,187.0,41.810158658908506,1824.0,50.0,21.0,5.255899145630545,3.5807736381285715
90,2024-09-23,9.0,NHS Birmingham and Solihull ICB,2026.04.8,54.0,90.49494045181736,1.0,845.0,67.0,60.0,370.0,29.0,608.0,944.0,6.785642413875864,74.27095332002644,78.54667187532199,53.0,1157.0,224.0,38.123021027420144,1841.0,42.0,10.0,5.979203677112566,4.418445783999644
91,2024-09-30,9.0,NHS Birmingham and Solihull ICB,2026.04.8,24.0,88.13237466070717,4.0,918.0,92.0,60.0,353.0,46.0,592.0,955.0,6.037827978308849,78.89557769419741,85.15408168093532,65.0,1204.0,235.0,37.92228038858615,1984.0,38.0,21.0,5.339381057816069,3.4496259325031984
92,2024-10-07,10.0,NHS Birmingham and Solihull ICB,2026.04.8,34.0,87.75231895218931,3.0,912.0,102.0,57.0,336.0,47.0,567.0,904.0,5.688424643301741,72.39053450265264,76.88551486753802,55.0,1187.0,220.0,35.34715598609083,2074.0,38.0,20.0,5.510036676788232,4.182842732744514
93,2024-10-14,10.0,NHS Birmingham and Solihull ICB,2026.04.8,57.0,86.93768936582629,1.0,910.0,93.0,44.0,303.0,60.0,550.0,820.0,5.674739267049327,76.80686143361838,79.98354603072389,53.0,1254.0,230.0,40.09054371897147,1897.0,32.0,23.0,4.846103388044399,4.141702089410559
94,2024-10-21,10.0,NHS Birmingham and Solihull ICB,2026.04.8,53.0,88.23069836542214,5.0,865.0,88.0,51.0,335.0,12.0,623.0,927.0,6.649221078542869,74.83512483467739,85.3157476661431,56.0,1244.0,285.0,36.46438725419096,1913.0,44.0,17.0,4.855232499463716,4.228598372882409
95,2024-10-28,10.0,NHS Birmingham and Solihull ICB,2026.04.8,40.0,84.28469547723208,6.0,905.0,99.0,45.0,343.0,22.0,607.0,944.0,6.500623017373613,81.84823756216845,84.77425804121062,46.0,1236.0,271.0,42.12482283154653,2095.0,44.0,14.0,5.365781865155359,4.164837173703088
96,2024-11-04,11.0,NHS Birmingham and Solihull ICB,2026.04.8,46.0,92.02162855910576,6.0,884.0,80.0,55.0,356.0,48.0,603.0,963.0,5.845035554571987,71.38274436641878,80.64656492711815,69.0,1179.0,199.0,41.87376911142759,1795.0,30.0,21.0,5.447658367006519,4.022815306298383
97,2024-11-11,11.0,NHS Birmingham and Solihull ICB,2026.04.8,42.0,87.48369072192234,8.0,939.0,118.0,62.0,381.0,33.0,574.0,895.0,5.62648623308154,76.78091688185248,81.68503531579027,46.0,1358.0,284.0,40.4572493898217,1888.0,34.0,19.0,4.938203568568961,3.9633798237486566
98,2024-11-18,11.0,NHS Birmingham and Solihull ICB,2026.04.8,43.0,85.76883129928565,6.0,892.0,75.0,41.0,328.0,32.0,548.0,849.0,5.5095118270403445,73.38372721530413,83.006107863362,40.0,1159.0,261.0,40.447011770783085,1884.0,23.0,14.0,5.4485755365233,3.1184877964066064
99,2024-11-25,11.0,NHS Birmingham and Solihull ICB,2026.04.8,44.0,88.26546382377035,1.0,838.0,88.0,46.0,398.0,32.0,567.0,904.0,3.905794035184525,76.74520771317762,78.02963423840758,38.0,1176.0,219.0,43.85766496658057,1899.0,30.0,15.0,5.283732554174883,4.047316090880167
100,2024-12-02,12.0,NHS Birmingham and Solihull ICB,2026.04.8,37.0,87.44994168148366,0.0,850.0,104.0,41.0,363.0,33.0,506.0,834.0,5.604175928382462,71.9057907690112,76.35711623798284,58.0,1245.0,246.0,44.214881267750286,1705.0,28.0,12.0,5.367219476647891,3.666140784903837
101,2024-12-09,12.0,NHS Birmingham and Solihull ICB,2026.04.8,39.0,89.22442606317405,3.0,881.0,87.0,51.0,378.0,47.0,563.0,893.0,5.095748155080699,81.16673032279571,79.23388775959666,27.0,1223.0,244.0,43.39581577219163,1988.0,17.0,18.0,4.812571228373137,4.443378970657797
102,2024-12-16,12.0,NHS Birmingham and Solihull ICB,2026.04.8,34.0,89.3858244943192,0.0,850.0,114.0,66.0,416.0,27.0,546.0,960.0,5.977828595524108,70.71192419987833,80.4371971968009,41.0,1291.0,241.0,36.54402828454833,1998.0,46.0,21.0,5.142688128909104,4.425951100813454
103,2024-12-23,12.0,NHS Birmingham and Solihull ICB,2026.04.8,38.0,90.28241909585869,3.0,877.0,96.0,51.0,395.0,42.0,630.0,958.0,5.600319309585294,80.15091607002819,80.81193733574271,30.0,1181.0,256.0,41.89370003372108,1695.0,62.0,16.0,5.129960026561514,4.186984552210643
104,2024-12-30,12.0,NHS Birmingham and Solihull ICB,2026.04.8,58.0,91.0877518469772,4.0,845.0,71.0,57.0,417.0,37.0,489.0,905.0,5.050068413688715,73.53920499888495,77.87640221240592,37.0,1300.0,238.0,41.53174680157677,1807.0,28.0,17.0,5.131883128612995,4.315300669656491
105,2025-01-06,1.0,NHS Birmingham and Solihull ICB,2026.04.8,51.0,88.69153995753062,3.0,891.0,103.0,47.0,385.0,29.0,585.0,951.0,5.513075873422179,77.2338839102919,79.86059203341112,18.0,1303.0,241.0,43.23034723941674,2016.0,50.0,19.0,5.0127153700008185,4.20986791551798
106,2025-01-13,1.0,NHS Birmingham and Solihull ICB,2026.04.8,61.0,88.8269060686144,3.0,889.0,94.0,63.0,371.0,21.0,634.0,988.0,6.311033410295203,80.49002059785863,87.88005575404821,48.0,1314.0,260.0,42.49110654661623,1856.0,44.0,12.0,5.431096777615004,3.875489738473296
107,2025-01-20,1.0,NHS Birmingham and Solihull ICB,2026.04.8,68.0,89.83422723572359,6.0,864.0,101.0,38.0,339.0,40.0,526.0,866.0,6.103381498620406,78.8552422432662,80.92242372793747,41.0,1182.0,199.0,37.891312674340014,1897.0,26.0,15.0,5.814935109307241,4.380102255501416
108,2025-01-27,1.0,NHS Birmingham and Solihull ICB,2026.04.8,88.0,91.70956055262356,2.0,908.0,102.0,51.0,379.0,37.0,522.0,913.0,4.9258727100894,76.40515858067033,79.84633331396931,65.0,1277.0,252.0,38.07731277018387,1914.0,15.0,10.0,5.695525768127159,3.9104369253110094
109,2025-02-03,2.0,NHS Birmingham and Solihull ICB,2026.04.8,43.0,90.95882359736711,1.0,983.0,96.0,53.0,371.0,39.0,610.0,1022.0,6.586829037832554,76.9755489226176,79.04299442381364,49.0,1351.0,205.0,41.03272452806024,1939.0,46.0,14.0,5.055389011417756,4.792328598728095
110,2025-02-10,2.0,NHS Birmingham and Solihull ICB,2026.04.8,79.0,90.5697908534594,6.0,888.0,91.0,36.0,372.0,37.0,579.0,926.0,5.301155618147973,74.04517175188418,83.77687491034102,38.0,1290.0,249.0,39.88342134634689,1899.0,53.0,18.0,5.806927651535767,4.965053534679017
111,2025-02-17,2.0,NHS Birmingham and Solihull ICB,2026.04.8,75.0,91.50897750350646,5.0,890.0,94.0,56.0,350.0,38.0,553.0,855.0,6.104372645652617,75.5790325412747,76.77004822923493,42.0,1258.0,228.0,39.49317354522386,2068.0,48.0,26.0,4.901734401163964,4.055049050529243
112,2025-02-24,2.0,NHS Birmingham and Solihull ICB,2026.04.8,72.0,85.58965912387265,3.0,918.0,90.0,48.0,363.0,57.0,592.0,889.0,4.904664407674424,74.21542617211593,78.36997928579608,57.0,1274.0,257.0,36.82490866533115,2096.0,28.0,18.0,5.200299285351876,4.1719040250423305
113,2025-03-03,3.0,NHS Birmingham and Solihull ICB,2026.04.8,64.0,92.08074715950616,3.0,865.0,70.0,46.0,333.0,32.0,589.0,886.0,6.322183521943278,72.90777201238237,81.30186761342259,30.0,1205.0,250.0,40.8119290887938,1874.0,36.0,22.0,5.151979699726966,4.328294005851911
114,2025-03-10,3.0,NHS Birmingham and Solihull ICB,2026.04.8,116.0,91.12734502459364,5.0,899.0,117.0,51.0,351.0,39.0,570.0,881.0,5.392649710664318,75.6735545101913,88.21778479072029,51.0,1281.0,257.0,36.72941271154753,1736.0,43.0,20.0,5.539336197568264,4.377579580679345
115,2025-03-17,3.0,NHS Birmingham and Solihull ICB,2026.04.8,61.0,89.26581074456101,5.0,939.0,108.0,57.0,390.0,41.0,566.0,943.0,5.458408014211855,76.32259055911517,84.22710981275101,49.0,1236.0,197.0,39.266587250690286,1867.0,29.0,21.0,5.225113996349182,4.743946434192953
116,2025-03-24,3.0,NHS Birmingham and Solihull ICB,2026.04.8,85.0,94.305783917705,4.0,883.0,98.0,49.0,341.0,46.0,624.0,948.0,5.616117764173007,84.25532695210077,86.80196944024577,28.0,1254.0,260.0,41.974731834280426,1982.0,43.0,22.0,5.953232168408408,4.074335592294679
117,2025-03-31,3.0,NHS Birmingham and Solihull ICB,2026.04.8,67.0,89.90816043962582,9.0,924.0,87.0,70.0,392.0,33.0,596.0,999.0,7.419164216119806,75.87754254449403,84.21158091086085,57.0,1268.0,223.0,39.41989730188949,1984.0,69.0,16.0,5.656398446081591,5.183243369966624
118,2025-04-07,4.0,NHS Birmingham and Solihull ICB,2026.04.8,106.0,92.0572258000895,4.0,847.0,137.0,63.0,380.0,43.0,693.0,1014.0,6.214133475412388,82.10435009083342,83.34231985489983,72.0,1190.0,263.0,39.10003137678267,1947.0,49.0,26.0,5.425799995817183,4.485332261231787
119,2025-04-14,4.0,NHS Birmingham and Solihull ICB,2026.04.8,55.0,87.6549180460044,7.0,913.0,131.0,59.0,415.0,38.0,557.0,930.0,7.162663324619671,76.41220234351754,81.30517160087078,37.0,1446.0,238.0,43.44411616019289,1983.0,33.0,22.0,5.651300627851473,4.144461522845637
120,2025-04-21,4.0,NHS Birmingham and Solihull ICB,2026.04.8,71.0,91.21060088125772,1.0,924.0,101.0,52.0,404.0,57.0,604.0,971.0,5.713496661341383,82.92419170360849,77.84823708712534,61.0,1252.0,270.0,40.24039785848922,1891.0,53.0,23.0,5.70109265099052,4.477064406770873
121,2025-04-28,4.0,NHS Birmingham and Solihull ICB,2026.04.8,66.0,87.92437657149395,5.0,924.0,77.0,43.0,377.0,36.0,598.0,916.0,6.08085314854971,73.01428846741788,85.74608032034236,55.0,1317.0,209.0,40.11176402365443,1796.0,29.0,14.0,5.278312948761828,4.080712551495575
122,2025-05-05,5.0,NHS Birmingham and Solihull ICB,2026.04.8,92.0,88.67851937666072,8.0,909.0,133.0,61.0,359.0,,602.0,909.0,6.182907965320308,77.21149382907832,81.74273357435946,44.0,1302.0,232.0,36.88284682233114,1869.0,29.0,26.0,5.258194416270349,4.325732723241158
123,2025-05-12,5.0,NHS Birmingham and Solihull ICB,2026.04.8,72.0,90.03195828929992,7.0,839.0,77.0,61.0,353.0,62.0,477.0,808.0,5.835002964992084,80.84367071856049,85.19975385950812,63.0,1155.0,210.0,42.83234075958641,1872.0,55.0,19.0,5.5701957423978445,4.5143758375617935
124,2025-05-19,5.0,NHS Birmingham and Solihull ICB,2026.04.8,49.0,92.51527959535812,5.0,896.0,85.0,49.0,335.0,22.0,603.0,925.0,6.516409154999838,80.39040493880587,81.77319944833512,65.0,1363.0,253.0,37.64929725691915,1767.0,36.0,26.0,4.737468925658408,4.904387909587881
125,2025-05-26,5.0,NHS Birmingham and Solihull ICB,2026.04.8,53.0,92.82708037294152,8.0,964.0,105.0,65.0,369.0,56.0,568.0,911.0,6.471347285654414,82.06316799075682,79.8406532201235,81.0,1376.0,272.0,42.95074403179509,1940.0,33.0,24.0,6.1494065432948695,4.355532627618258
126,2025-06-02,6.0,NHS Birmingham and Solihull ICB,2026.04.8,68.0,93.01859536907742,4.0,933.0,97.0,63.0,410.0,58.0,593.0,1001.0,7.028031179854334,81.40648430351803,82.7734499531681,63.0,1348.0,219.0,43.02355468774668,2167.0,41.0,27.0,5.683983375075404,4.565228297858573
127,2025-06-09,6.0,NHS Birmingham and Solihull ICB,2026.04.8,83.0,89.95525493639013,5.0,917.0,134.0,59.0,397.0,33.0,588.0,943.0,6.481556938061109,83.27480324100136,74.39471378159787,56.0,1395.0,214.0,37.48973247710296,2068.0,41.0,12.0,5.554337579961774,4.8168799508483895
128,2025-06-16,6.0,NHS Birmingham and Solihull ICB,2026.04.8,72.0,87.63120632269874,3.0,974.0,118.0,39.0,394.0,33.0,590.0,954.0,6.466137169598924,73.31093784656973,82.8434009904827,68.0,1332.0,238.0,38.60840762930735,1921.0,41.0,18.0,5.446732206033809,4.071261156938915
129,2025-06-23,6.0,NHS Birmingham and Solihull ICB,2026.04.8,70.0,88.70350199805758,2.0,909.0,94.0,47.0,376.0,36.0,591.0,936.0,6.165037880161256,74.7467029582334,84.19784442864773,44.0,1313.0,272.0,38.43647292077947,1876.0,47.0,24.0,5.498653957494254,3.8812718779611504
130,2025-06-30,6.0,NHS Birmingham and Solihull ICB,2026.04.8,46.0,95.42950736233304,4.0,822.0,80.0,55.0,329.0,26.0,561.0,860.0,6.514654631778604,76.0415099421123,86.42116006451225,38.0,1218.0,240.0,36.03076922959513,2018.0,31.0,9.0,5.912425025500196,3.708747650964264
131,2025-07-07,7.0,NHS Birmingham and Solihull ICB,2026.04.8,47.0,87.24044146162942,3.0,862.0,64.0,48.0,378.0,44.0,584.0,965.0,6.139035178002537,73.54344857254175,85.13771952946978,45.0,1218.0,248.0,42.70544726760751,1954.0,45.0,19.0,5.122672280347634,3.956121045694609
132,2025-07-14,7.0,NHS Birmingham and Solihull ICB,2026.04.8,,92.22098417556552,4.0,900.0,89.0,49.0,339.0,34.0,512.0,808.0,5.738161538421205,73.59452396971794,79.33764986721607,55.0,1327.0,263.0,40.019991030911285,1896.0,42.0,19.0,5.509031887292163,3.622801504624541
133,2025-07-21,7.0,NHS Birmingham and Solihull ICB,2026.04.8,42.0,85.93472068208891,4.0,910.0,93.0,51.0,385.0,38.0,607.0,1000.0,5.357423157181087,82.31496952876,77.7953963773791,58.0,1249.0,241.0,38.62599391282985,1786.0,51.0,23.0,5.132888171338359,3.7453136683410393
134,2025-07-28,7.0,NHS Birmingham and Solihull ICB,2026.04.8,39.0,86.80467843039106,2.0,932.0,97.0,40.0,368.0,17.0,607.0,987.0,6.062910012257261,77.3353487465473,78.95882294979644,44.0,1251.0,208.0,38.04163337647136,1936.0,38.0,21.0,5.519773469270843,3.656552360657199
135,2025-08-04,8.0,NHS Birmingham and Solihull ICB,2026.04.8,23.0,90.25320869198636,2.0,807.0,69.0,59.0,355.0,13.0,553.0,885.0,5.831433733529036,76.08106406071613,85.43407536382593,44.0,1244.0,221.0,40.654944130644864,1950.0,30.0,17.0,5.511295583764218,3.255149144417763
136,2025-08-11,8.0,NHS Birmingham and Solihull ICB,2026.04.8,36.0,90.52603516037588,6.0,777.0,45.0,43.0,349.0,31.0,593.0,899.0,4.928830186446897,76.97846217485187,78.85031301270342,78.0,1238.0,209.0,41.78560199793831,1975.0,35.0,11.0,5.483032720819448,3.7234278619961065
137,2025-08-18,8.0,NHS Birmingham and Solihull ICB,2026.04.8,39.0,85.389758147336,3.0,857.0,71.0,63.0,381.0,22.0,567.0,960.0,5.934084551150955,75.67802657150986,86.7114936049175,50.0,1223.0,242.0,39.51475682791487,1818.0,51.0,16.0,5.0583081158325855,3.9508049939748497
138,2025-08-25,8.0,NHS Birmingham and Solihull ICB,2026.04.8,33.0,85.59134046425585,1.0,884.0,73.0,43.0,338.0,39.0,577.0,916.0,6.457551150412441,84.26324506471556,78.95726575317546,40.0,1205.0,200.0,39.1623086620172,1779.0,35.0,19.0,5.309546010968621,3.4482323356777216
139,2025-09-01,9.0,NHS Birmingham and Solihull ICB,2026.04.8,37.0,86.98228489039292,7.0,885.0,87.0,51.0,348.0,31.0,642.0,976.0,5.496516039418161,75.44562512603575,81.7896817386689,57.0,1230.0,213.0,40.20188388271965,1850.0,33.0,18.0,4.838705200665871,3.329978603346237
140,2025-09-08,9.0,NHS Birmingham and Solihull ICB,2026.04.8,30.0,85.64340192785855,4.0,844.0,87.0,48.0,392.0,34.0,517.0,890.0,6.030340706258047,70.33373012184921,75.11983296836189,53.0,1184.0,244.0,45.2777312636392,1792.0,39.0,19.0,5.293100899857737,3.4257014522518783
141,2025-09-15,9.0,NHS Birmingham and Solihull ICB,2026.04.8,17.0,83.78703600769339,1.0,797.0,73.0,44.0,379.0,33.0,530.0,869.0,6.890623813608328,69.88050678706013,87.95588278193114,57.0,1198.0,194.0,39.43822971485728,1822.0,31.0,11.0,5.179860067066712,3.764166309607543
142,2025-09-22,9.0,NHS Birmingham and Solihull ICB,2026.04.8,19.0,84.85344354959496,2.0,850.0,70.0,32.0,398.0,15.0,541.0,897.0,4.728291585154526,70.40312811971836,75.86613485875321,27.0,1182.0,192.0,40.25798752779732,1760.0,29.0,13.0,5.553428108347974,3.4845945654730555
143,2025-09-29,9.0,NHS Birmingham and Solihull ICB,2026.04.8,25.0,83.14924279805942,3.0,821.0,72.0,34.0,297.0,39.0,495.0,794.0,5.011142591154538,77.66628874224712,75.13556579102084,37.0,1214.0,196.0,39.60708876191482,1732.0,35.0,13.0,4.994560855980387,2.951836263699241
144,2025-10-06,10.0,NHS Birmingham and Solihull ICB,2026.04.8,16.0,85.06682236929892,2.0,827.0,70.0,35.0,327.0,10.0,562.0,892.0,4.929623479424832,68.73417895141434,78.15580183895852,47.0,1139.0,185.0,,1798.0,17.0,15.0,5.464005549788354,3.039232705199433
145,2025-10-13,10.0,NHS Birmingham and Solihull ICB,2026.04.8,26.0,84.08513253546627,4.0,813.0,73.0,44.0,367.0,43.0,510.0,886.0,4.501151717161879,67.5964439890995,72.8586326975435,52.0,1248.0,208.0,44.62384222843914,1848.0,27.0,8.0,5.235791620566887,3.464554073717
146,2025-10-20,10.0,NHS Birmingham and Solihull ICB,2026.04.8,38.0,85.1525745991396,4.0,909.0,78.0,44.0,364.0,25.0,538.0,883.0,5.139960070998344,72.70137476608436,83.92206486811709,42.0,1264.0,231.0,43.93179989935673,1830.0,40.0,16.0,4.918836991674915,3.3580774277064824
147,2025-10-27,10.0,NHS Birmingham and Solihull ICB,2026.04.8,26.0,84.15772870365873,2.0,887.0,106.0,38.0,343.0,23.0,546.0,903.0,4.671510491821602,78.34660206121227,76.45088096528127,29.0,1290.0,235.0,44.57160454540486,1733.0,18.0,14.0,5.424095491800764,3.644278655326344
148,2025-11-03,11.0,NHS Birmingham and Solihull ICB,2026.04.8,33.0,87.5376903670123,3.0,860.0,91.0,39.0,384.0,39.0,523.0,926.0,4.771482291415581,77.47334630604058,80.28427138175289,49.0,1218.0,219.0,41.47946593772188,1956.0,52.0,23.0,5.537079662483582,4.009282645895008
149,2025-11-10,11.0,NHS Birmingham and Solihull ICB,2026.04.8,33.0,85.43594924344329,1.0,868.0,83.0,46.0,380.0,45.0,512.0,906.0,5.411014863204638,74.06896933709427,75.44324568221941,42.0,1151.0,185.0,41.36192539477872,1680.0,28.0,18.0,4.931887173777719,4.297722826679211
150,2025-11-17,11.0,NHS Birmingham and Solihull ICB,2026.04.8,46.0,86.26186879075846,1.0,842.0,97.0,51.0,393.0,20.0,564.0,967.0,5.030636779072109,75.07745585971912,80.08964530699535,52.0,1261.0,238.0,38.9087779526165,1880.0,32.0,16.0,5.84039772616092,3.885265031091575
151,2025-11-24,11.0,NHS Birmingham and Solihull ICB,2026.04.8,36.0,92.16207447212862,3.0,794.0,82.0,38.0,341.0,1.0,583.0,902.0,5.161446839874758,74.5501025974561,77.70719187706098,43.0,1165.0,213.0,41.25304534403646,1913.0,37.0,20.0,5.657432458388605,4.559784750299491
152,2025-12-01,12.0,NHS Birmingham and Solihull ICB,2026.04.8,24.0,84.93233224328334,3.0,809.0,51.0,38.0,387.0,34.0,565.0,891.0,5.171040038426383,74.10007459358044,80.32027381984028,41.0,1260.0,245.0,38.695917189701966,1899.0,20.0,13.0,4.716307269063238,3.431265382597376
153,2025-12-08,12.0,NHS Birmingham and Solihull ICB,2026.04.8,29.0,81.99031986276556,6.0,810.0,80.0,58.0,340.0,40.0,547.0,838.0,5.180249428928059,71.98559010840611,77.08430778606616,17.0,1182.0,226.0,42.7899236109102,1767.0,20.0,16.0,5.179093862663113,3.661453599356833
154,2025-12-15,12.0,NHS Birmingham and Solihull ICB,2026.04.8,32.0,88.16005881729821,5.0,845.0,53.0,37.0,360.0,37.0,601.0,996.0,4.089374734285661,68.9614103685545,78.99935312557643,12.0,1306.0,223.0,40.03524295728801,1684.0,23.0,14.0,5.053897557445041,3.8917851818165103
155,2025-12-22,12.0,NHS Birmingham and Solihull ICB,2026.04.8,25.0,79.66699791786256,0.0,786.0,84.0,39.0,345.0,22.0,583.0,855.0,3.74885858124446,76.45449109468899,80.60088672151575,18.0,1192.0,229.0,39.966955989940224,1769.0,33.0,18.0,4.706310127729598,4.453965580823356
10,2023-03-13,3.0,NHS Greater Manchester ICB,2026.04.8,450.0,101.91319839138797,8.0,1152.0,124.0,76.0,431.0,68.0,683.0,1089.0,8.804258265582492,89.59779823549258,87.08768367564706,101.0,1434.0,240.0,36.04255744887434,2222.0,54.0,29.0,6.323634372922996,5.95029453004214
11,2023-03-20,3.0,NHS Greater Manchester ICB,2026.04.8,362.0,104.41913984389193,2.0,1140.0,128.0,79.0,448.0,66.0,703.0,1145.0,10.023657367206596,91.63555980334615,83.43555711016641,95.0,1497.0,305.0,35.4328076582221,2184.0,64.0,26.0,6.253318623421647,6.783212839624197
12,2023-03-27,3.0,NHS Greater Manchester ICB,2026.04.8,428.0,103.30252388591964,9.0,1087.0,144.0,90.0,413.0,72.0,705.0,1119.0,8.800176470382196,80.30908641311282,91.06166243563112,102.0,1399.0,327.0,33.75249539944699,2141.0,45.0,22.0,6.03826986958233,5.496169087028275
13,2023-04-03,4.0,NHS Greater Manchester ICB,2026.04.8,359.0,102.93460932495614,9.0,1078.0,103.0,74.0,453.0,59.0,586.0,1028.0,8.906247890384927,81.0196946264232,82.68100955590278,85.0,1384.0,250.0,36.17889194356765,2161.0,79.0,26.0,5.937669179848384,6.310761008702076
14,2023-04-10,4.0,NHS Greater Manchester ICB,2026.04.8,296.0,104.4838945591472,5.0,1094.0,145.0,78.0,386.0,64.0,671.0,1046.0,10.13378579026931,92.73674497620355,86.04506427877375,84.0,1437.0,271.0,41.26366736563156,2043.0,39.0,27.0,6.233645320751282,5.490318292090475
15,2023-04-17,4.0,NHS Greater Manchester ICB,2026.04.8,264.0,104.20133074827648,6.0,1061.0,150.0,69.0,375.0,60.0,664.0,989.0,8.246372194368687,89.42539290363254,89.35494833611432,97.0,1415.0,308.0,33.512857507307466,2076.0,65.0,28.0,6.210035162775776,5.430729961295055
16,2023-04-24,4.0,NHS Greater Manchester ICB,2026.04.8,543.0,104.72831490157868,8.0,1132.0,94.0,77.0,434.0,72.0,736.0,1174.0,9.89077496280434,87.88010011261382,87.68252454805581,85.0,1348.0,315.0,36.03553589252376,2174.0,52.0,25.0,5.97144374643994,6.05022054397322
17,2023-05-01,5.0,NHS Greater Manchester ICB,2026.04.8,301.0,101.57185665856493,13.0,1076.0,134.0,84.0,423.0,86.0,707.0,1082.0,9.255207428051309,92.57016971749692,93.41196707159366,100.0,1395.0,346.0,35.4659941136376,2342.0,62.0,24.0,6.271491731345314,6.243383986749698
18,2023-05-08,5.0,NHS Greater Manchester ICB,2026.04.8,233.0,101.33171749663344,10.0,1147.0,132.0,70.0,397.0,82.0,704.0,1089.0,9.99989356720455,83.62775634439285,88.33659827791519,104.0,1456.0,272.0,36.67518820933479,2094.0,52.0,26.0,6.379822957655314,5.70351549978886
19,2023-05-15,5.0,NHS Greater Manchester ICB,2026.04.8,375.0,104.3653603593103,10.0,1122.0,153.0,90.0,402.0,76.0,780.0,1177.0,8.67293450747139,93.03408739113333,88.85512993627765,90.0,1507.0,276.0,37.2913541726622,2036.0,62.0,25.0,6.3751361473258825,6.096755909514222
20,2023-05-22,5.0,NHS Greater Manchester ICB,2026.04.8,313.0,108.60624043923416,10.0,1183.0,113.0,75.0,422.0,78.0,755.0,1151.0,10.22957225428786,90.11931033146946,93.32863775813225,62.0,1483.0,307.0,35.36197350158138,2118.0,56.0,30.0,5.987035280356849,6.190296159321301
21,2023-05-29,5.0,NHS Greater Manchester ICB,2026.04.8,353.0,98.05730444299812,5.0,1165.0,129.0,70.0,378.0,69.0,696.0,1049.0,10.502532384441151,88.89804589389675,88.83366656019322,95.0,1354.0,317.0,32.30559947720801,2154.0,62.0,32.0,6.433111322143153,5.703958724181836
22,2023-06-05,6.0,NHS Greater Manchester ICB,2026.04.8,653.0,105.00892899456356,8.0,1177.0,95.0,81.0,377.0,62.0,731.0,1126.0,11.217494218645369,92.19481448057373,96.48384766998308,85.0,1395.0,310.0,31.62317133768721,2294.0,67.0,34.0,6.102249292122487,6.306359197978165
23,2023-06-12,6.0,NHS Greater Manchester ICB,2026.04.8,498.0,106.1879329914611,13.0,1150.0,146.0,88.0,375.0,74.0,693.0,1070.0,11.85958344822565,94.06250075554324,88.56119973585417,117.0,1417.0,322.0,34.40403875042471,2225.0,72.0,33.0,6.006777123055106,6.497333887544628
24,2023-06-19,6.0,NHS Greater Manchester ICB,2026.04.8,735.0,114.78824033711476,13.0,1119.0,170.0,80.0,391.0,81.0,762.0,1138.0,11.740303587771365,95.21425753267008,94.25866618064536,95.0,1428.0,317.0,37.2798256396625,2297.0,56.0,31.0,6.128405603973741,6.1796473770917615
25,2023-06-26,6.0,NHS Greater Manchester ICB,2026.04.8,729.0,109.80584450228808,8.0,1183.0,126.0,85.0,447.0,77.0,778.0,1264.0,9.838385926818097,87.38173667627542,90.4881260302012,105.0,1561.0,306.0,,2238.0,58.0,32.0,6.120195287987554,6.419847619103528
26,2023-07-03,7.0,NHS Greater Manchester ICB,2026.04.8,530.0,102.38760913741122,11.0,1175.0,150.0,76.0,390.0,,739.0,1106.0,11.2056096087708,89.99228039245595,90.24565304599264,95.0,1511.0,347.0,30.70039778857528,2164.0,68.0,32.0,6.228611097613317,6.420536063734979
27,2023-07-10,7.0,NHS Greater Manchester ICB,2026.04.8,538.0,105.66652925859238,9.0,1172.0,132.0,94.0,387.0,87.0,765.0,1107.0,9.453567366858952,94.86012525108715,92.15471187134844,108.0,1541.0,343.0,28.691759011427543,2223.0,72.0,29.0,5.781907433399742,5.577283764010114
28,2023-07-17,7.0,NHS Greater Manchester ICB,2026.04.8,383.0,103.15182952190526,11.0,1089.0,167.0,79.0,428.0,66.0,778.0,1240.0,9.978087597803787,87.94693059546579,92.21456997945108,90.0,1421.0,362.0,34.07630206529911,2280.0,63.0,26.0,6.279622440037265,5.47453964541322
29,2023-07-24,7.0,NHS Greater Manchester ICB,2026.04.8,286.0,98.90778571661632,4.0,1122.0,129.0,78.0,416.0,82.0,769.0,1161.0,9.7561156495621,89.96642572505449,89.26103180891107,111.0,1352.0,310.0,31.067525530355635,2292.0,55.0,31.0,6.255004566304775,5.664049859928252
30,2023-07-31,7.0,NHS Greater Manchester ICB,2026.04.8,580.0,106.55022069080316,12.0,1191.0,146.0,79.0,433.0,85.0,715.0,1136.0,10.212260214136162,85.81809427639635,87.71092690467879,91.0,1501.0,328.0,33.42209795359327,2136.0,44.0,28.0,6.149941722424273,5.225215673133183
31,2023-08-07,8.0,NHS Greater Manchester ICB,2026.04.8,444.0,108.46211853672432,8.0,1165.0,135.0,94.0,437.0,115.0,789.0,1137.0,9.310352027891186,85.3006127767174,97.99836349420748,108.0,1528.0,296.0,34.833770398674794,2201.0,43.0,33.0,6.246491489315251,5.467806354499711
32,2023-08-14,8.0,NHS Greater Manchester ICB,2026.04.8,563.0,108.59706661375058,7.0,1244.0,167.0,95.0,446.0,98.0,758.0,1237.0,9.76132435049808,91.68861043052492,95.41680832026856,116.0,1581.0,316.0,33.976652147214566,2293.0,81.0,31.0,6.634958515543075,6.013829330197385
33,2023-08-21,8.0,NHS Greater Manchester ICB,2026.04.8,558.0,102.70203924382471,12.0,1169.0,125.0,79.0,413.0,79.0,738.0,1144.0,10.317352441953595,87.3353209101653,94.8689023434114,114.0,1452.0,361.0,32.65554306742102,2256.0,52.0,33.0,6.651956197033892,6.7946568403026
34,2023-08-28,8.0,NHS Greater Manchester ICB,2026.04.8,,110.79828509169842,8.0,1231.0,177.0,98.0,400.0,86.0,775.0,1194.0,10.816071709658372,93.05505870767472,97.665251228745,115.0,1526.0,313.0,31.41293828296624,2304.0,62.0,46.0,6.485548044573021,6.802321959730283
35,2023-09-04,9.0,NHS Greater Manchester ICB,2026.04.8,533.0,106.93799922850746,14.0,1116.0,162.0,80.0,439.0,95.0,712.0,1122.0,9.26376855347947,90.94880566775106,88.57571591888231,94.0,1533.0,321.0,34.06540055074568,2291.0,76.0,28.0,5.956603126553034,5.463941321642199
36,2023-09-11,9.0,NHS Greater Manchester ICB,2026.04.8,868.0,107.63424260218363,13.0,1162.0,88.0,80.0,442.0,78.0,703.0,1120.0,11.874578620972724,87.84012467281372,89.61397142346532,105.0,1580.0,345.0,31.804549227146342,2334.0,65.0,25.0,6.425725398768461,6.201691675729404
37,2023-09-18,9.0,NHS Greater Manchester ICB,2026.04.8,534.0,104.32792081132592,16.0,1166.0,118.0,100.0,438.0,93.0,728.0,1158.0,9.469017227299103,84.95602198943013,91.94372075720256,104.0,1518.0,308.0,28.88298310269671,2052.0,82.0,42.0,5.976594442049189,6.708211157274257
38,2023-09-25,9.0,NHS Greater Manchester ICB,2026.04.8,488.0,107.17719385769335,8.0,1179.0,129.0,84.0,406.0,78.0,778.0,1164.0,9.838317473542846,97.80212329856576,96.626391493296,97.0,1501.0,371.0,31.42764384531944,2317.0,59.0,35.0,5.834954269201871,5.854635446013215
39,2023-10-02,10.0,NHS Greater Manchester ICB,2026.04.8,737.0,105.52831363874652,14.0,1147.0,181.0,93.0,388.0,99.0,790.0,1104.0,10.487320591853251,94.72330290895944,95.37421967061012,114.0,1429.0,354.0,25.984612978491388,2308.0,71.0,28.0,6.577022630341439,5.662921628200254
40,2023-10-09,10.0,NHS Greater Manchester ICB,2026.04.8,553.0,110.86519054228546,9.0,1222.0,117.0,87.0,425.0,71.0,707.0,1071.0,10.59319900296759,88.85940565661033,87.78964861844977,91.0,1485.0,280.0,33.270738702293464,2303.0,58.0,24.0,5.946233617980452,5.924062455188204
41,2023-10-16,10.0,NHS Greater Manchester ICB,2026.04.8,661.0,106.9658494365616,9.0,1122.0,114.0,100.0,410.0,80.0,690.0,1065.0,10.09345066285437,95.22203211660954,90.82872688314848,115.0,1629.0,307.0,28.14211962283582,2261.0,66.0,31.0,6.686083641805728,6.253990906406861
42,2023-10-23,10.0,NHS Greater Manchester ICB,2026.04.8,532.0,102.15281843803552,5.0,1218.0,131.0,94.0,451.0,87.0,699.0,1136.0,8.720232873287864,89.11623523742904,83.73025596681708,98.0,1497.0,330.0,,2207.0,55.0,29.0,6.106437231757824,5.985114958229852
43,2023-10-30,10.0,NHS Greater Manchester ICB,2026.04.8,489.0,105.31881716119746,6.0,1182.0,165.0,76.0,377.0,78.0,707.0,1097.0,9.271666550816851,85.85726344016052,87.5299977637324,85.0,1499.0,336.0,33.3898561092063,2007.0,72.0,28.0,6.116611649260742,5.593261680670798
44,2023-11-06,11.0,NHS Greater Manchester ICB,2026.04.8,411.0,103.3367624804482,8.0,1137.0,111.0,88.0,449.0,62.0,722.0,1139.0,9.891030704262237,88.43917763100754,86.96480211437887,98.0,1493.0,317.0,34.57938706895249,2183.0,69.0,31.0,6.596844710338253,6.471006846516208
45,2023-11-13,11.0,NHS Greater Manchester ICB,2026.04.8,287.0,102.066499383644,11.0,1143.0,168.0,81.0,398.0,91.0,723.0,1116.0,9.392841106715196,88.98029366348972,88.79909780693191,99.0,1354.0,324.0,34.969654400260225,2099.0,59.0,40.0,6.250866927704467,6.452205675209879
46,2023-11-20,11.0,NHS Greater Manchester ICB,2026.04.8,342.0,103.50646112247712,10.0,1082.0,119.0,73.0,403.0,44.0,718.0,1104.0,9.087901489599084,85.31227355591466,92.86279472966808,90.0,1482.0,295.0,33.97187052673309,2206.0,63.0,22.0,5.820940717996723,6.1970988423053415
47,2023-11-27,11.0,NHS Greater Manchester ICB,2026.04.8,279.0,105.91280510303883,5.0,1199.0,144.0,66.0,423.0,56.0,631.0,1031.0,8.412623648941667,82.49498069467622,86.82093292254886,80.0,1488.0,324.0,36.16268681173178,1988.0,57.0,24.0,6.024499102950188,5.501593258893607
48,2023-12-04,12.0,NHS Greater Manchester ICB,2026.04.8,163.0,100.91062142316363,11.0,1059.0,118.0,84.0,376.0,76.0,647.0,1004.0,9.01597576951098,88.496387864191,84.3631825662492,90.0,1452.0,292.0,35.91812177131288,2227.0,71.0,25.0,6.364419046210866,5.361139099176031
49,2023-12-11,12.0,NHS Greater Manchester ICB,2026.04.8,335.0,95.88171883882058,6.0,1057.0,155.0,84.0,406.0,68.0,686.0,1075.0,10.091886846433605,83.77691091213552,86.53125615689659,70.0,1470.0,289.0,33.543239263035844,1989.0,49.0,28.0,5.971605849297822,6.068092603605975
50,2023-12-18,12.0,NHS Greater Manchester ICB,2026.04.8,363.0,99.99138332714108,7.0,1101.0,137.0,69.0,396.0,67.0,721.0,1116.0,7.812502543860831,82.38556852883607,86.7011526680227,87.0,1414.0,302.0,37.24851493902541,1993.0,51.0,23.0,5.6097551211499415,5.724771112119583
51,2023-12-25,12.0,NHS Greater Manchester ICB,2026.04.8,337.0,98.45471675851611,5.0,1104.0,123.0,85.0,354.0,62.0,748.0,1110.0,8.246938412961374,85.29477713631067,79.0047018623437,92.0,1420.0,308.0,33.29499584746546,2181.0,56.0,26.0,5.998338278207032,5.457537215710378
52,2024-01-01,1.0,NHS Greater Manchester ICB,2026.04.8,504.0,104.52203754600666,5.0,1041.0,81.0,72.0,397.0,59.0,729.0,1108.0,8.44381098964709,89.47948840085988,88.50013732175309,73.0,1288.0,279.0,32.00886391500592,2291.0,56.0,24.0,6.205495442545306,6.117830611067661
53,2024-01-08,1.0,NHS Greater Manchester ICB,2026.04.8,,105.31764442316228,8.0,1062.0,122.0,71.0,434.0,59.0,717.0,1093.0,8.344292932778341,85.05509496215309,87.70762886754694,90.0,1387.0,258.0,40.14009601224368,2193.0,55.0,22.0,5.693324438542137,5.676555228808615
54,2024-01-15,1.0,NHS Greater Manchester ICB,2026.04.8,161.0,96.91339132598304,7.0,1073.0,124.0,66.0,403.0,64.0,693.0,1084.0,9.936898032562556,85.5336349405691,89.80834232885002,86.0,1443.0,350.0,38.18903016349086,2061.0,72.0,27.0,5.87730439315594,6.4748210164097495
55,2024-01-22,1.0,NHS Greater Manchester ICB,2026.04.8,233.0,98.53386347838187,11.0,1104.0,168.0,70.0,413.0,80.0,651.0,1055.0,8.035120237351473,84.11797745412805,87.52239375835826,68.0,1445.0,301.0,33.17815406672287,2067.0,61.0,28.0,5.277459878035801,5.279843590677503
56,2024-01-29,1.0,NHS Greater Manchester ICB,2026.04.8,238.0,101.43055087739614,4.0,945.0,91.0,77.0,426.0,70.0,657.0,1054.0,8.491310721054631,85.0664083184028,95.89039509689978,94.0,1457.0,363.0,39.686068184687294,2307.0,59.0,27.0,5.873999431015152,5.536996975658029
57,2024-02-05,2.0,NHS Greater Manchester ICB,2026.04.8,277.0,101.78459460489888,11.0,1072.0,144.0,78.0,404.0,69.0,694.0,1046.0,8.724097621495947,83.00410688042693,80.79709023059976,86.0,1444.0,272.0,38.83774559212289,2140.0,58.0,16.0,5.896514321296017,5.286611126737675
58,2024-02-12,2.0,NHS Greater Manchester ICB,2026.04.8,353.0,97.08545926154696,2.0,1075.0,98.0,79.0,405.0,65.0,693.0,1059.0,8.143338971774895,82.44388820472794,87.12135397581227,73.0,1291.0,275.0,36.28764317645349,2095.0,52.0,19.0,5.7795835170285415,6.569117411659938
59,2024-02-19,2.0,NHS Greater Manchester ICB,2026.04.8,423.0,102.95683137321838,6.0,1106.0,139.0,83.0,391.0,59.0,746.0,1121.0,7.687989587950319,88.91338507278209,88.45720017647014,66.0,1406.0,283.0,37.32232242060974,2199.0,62.0,29.0,6.4232355001217485,6.6914562258743855
60,2024-02-26,2.0,NHS Greater Manchester ICB,2026.04.8,240.0,102.91231790300704,6.0,1090.0,144.0,85.0,441.0,87.0,765.0,1219.0,9.527699706386077,85.95547752660029,89.79401624951457,87.0,1354.0,332.0,36.03914777274898,2034.0,53.0,25.0,6.284170169303032,5.952984166037653
61,2024-03-04,3.0,NHS Greater Manchester ICB,2026.04.8,291.0,98.27058165500785,8.0,1061.0,91.0,77.0,378.0,57.0,616.0,952.0,9.724250345626048,89.48791512942391,89.08320871109176,99.0,1448.0,301.0,35.614400041196625,2195.0,53.0,26.0,5.769017934854773,5.755824893489113
62,2024-03-11,3.0,NHS Greater Manchester ICB,2026.04.8,233.0,99.33897064154776,5.0,1088.0,187.0,86.0,398.0,63.0,727.0,1138.0,9.006959673408398,81.69736280055155,84.80640035888162,79.0,1387.0,254.0,34.18407357590605,2184.0,63.0,27.0,5.865820037179931,5.796107156627597
63,2024-03-18,3.0,NHS Greater Manchester ICB,2026.04.8,192.0,99.1770686482098,9.0,1126.0,144.0,76.0,433.0,53.0,668.0,1059.0,8.0192717887947,84.29624830956818,92.34474130114305,81.0,1434.0,285.0,,2026.0,39.0,19.0,6.057105374422253,6.035325682409031
64,2024-03-25,3.0,NHS Greater Manchester ICB,2026.04.8,202.0,98.68820436923636,7.0,1042.0,132.0,62.0,388.0,69.0,707.0,1106.0,7.651319742635638,84.2017672713477,82.44074615174657,73.0,1498.0,252.0,35.61702591997352,2091.0,44.0,18.0,5.665032745530774,4.923515556292754
65,2024-04-01,4.0,NHS Greater Manchester ICB,2026.04.8,144.0,102.19953861726935,8.0,1002.0,153.0,60.0,385.0,43.0,645.0,983.0,7.985875017007352,80.22788581176782,89.83261188443349,59.0,1393.0,293.0,37.611559702822966,2139.0,43.0,29.0,5.672551606094086,5.663568133766677
66,2024-04-08,4.0,NHS Greater Manchester ICB,2026.04.8,162.0,98.5300605139506,3.0,1029.0,83.0,65.0,388.0,38.0,658.0,1025.0,6.061641125114803,80.83760562615464,91.25647676468444,84.0,1366.0,263.0,32.94226640854523,1927.0,41.0,18.0,5.640717996109799,5.652399727342588
67,2024-04-15,4.0,NHS Greater Manchester ICB,2026.04.8,203.0,89.13851365657308,10.0,1000.0,125.0,72.0,399.0,53.0,608.0,964.0,7.147588571701538,83.21994987743942,80.2887124289616,69.0,1434.0,318.0,34.821638020117966,2013.0,44.0,24.0,6.192908101322028,5.420774787020344
68,2024-04-22,4.0,NHS Greater Manchester ICB,2026.04.8,,101.2902908177454,6.0,1050.0,145.0,68.0,347.0,59.0,682.0,1028.0,8.674910906409448,88.66904719632035,85.29702808967545,84.0,1438.0,287.0,,2032.0,37.0,16.0,5.459538340673336,5.340752802847108
69,2024-04-29,4.0,NHS Greater Manchester ICB,2026.04.8,176.0,97.92277634515072,9.0,1026.0,87.0,89.0,396.0,77.0,660.0,1053.0,6.912034121750316,81.61634513370052,84.16243264182572,85.0,1334.0,307.0,36.82071982278435,1937.0,35.0,22.0,5.88961896340326,5.483974761003303
70,2024-05-06,5.0,NHS Greater Manchester ICB,2026.04.8,201.0,101.39137256257284,6.0,1052.0,100.0,69.0,430.0,43.0,642.0,1062.0,8.409411327658542,83.40684357031225,81.30898930849354,64.0,1423.0,286.0,34.95258402167688,2128.0,42.0,24.0,6.229407578039547,5.66250320983532
71,2024-05-13,5.0,NHS Greater Manchester ICB,2026.04.8,212.0,95.59550559886692,5.0,1078.0,142.0,57.0,387.0,50.0,659.0,988.0,7.526142581355319,79.55785595610438,88.6254019839735,81.0,1335.0,326.0,38.28418345179418,2098.0,56.0,24.0,5.884981394875273,5.369983488059762
72,2024-05-20,5.0,NHS Greater Manchester ICB,2026.04.8,108.0,99.02186793604044,6.0,1013.0,101.0,62.0,383.0,55.0,604.0,962.0,8.281686097703293,89.96987134155476,86.90591693633388,81.0,1462.0,284.0,40.50726900362477,2031.0,65.0,26.0,6.507833723839333,5.533081589451951
73,2024-05-27,5.0,NHS Greater Manchester ICB,2026.04.8,141.0,89.31338493988379,2.0,991.0,111.0,64.0,421.0,56.0,621.0,1007.0,8.217276821543487,80.11032057056217,83.48015156310683,79.0,1354.0,269.0,38.34032593773761,2167.0,42.0,24.0,5.731042225875985,4.8937943615126205
74,2024-06-03,6.0,NHS Greater Manchester ICB,2026.04.8,181.0,96.14941548979196,4.0,956.0,133.0,56.0,364.0,56.0,659.0,991.0,7.63317720045367,77.50231258654756,86.50792406799373,67.0,1465.0,260.0,34.50725123919806,2023.0,63.0,30.0,5.9537965139352815,4.804384614772531
75,2024-06-10,6.0,NHS Greater Manchester ICB,2026.04.8,139.0,96.25711499790128,5.0,985.0,140.0,68.0,323.0,55.0,622.0,905.0,7.713196457805672,80.79204375848187,87.91816892739337,77.0,1407.0,303.0,35.136663306206394,2279.0,46.0,21.0,6.235435550774222,5.352650126554565
76,2024-06-17,6.0,NHS Greater Manchester ICB,2026.04.8,142.0,92.40524469404522,4.0,1042.0,93.0,84.0,440.0,66.0,665.0,1094.0,8.516579959810013,88.44268428294629,86.0031693223995,84.0,1266.0,215.0,37.64154467089157,2058.0,49.0,31.0,5.788309700252563,5.580173580166081
77,2024-06-24,6.0,NHS Greater Manchester ICB,2026.04.8,137.0,96.90258145269982,4.0,1048.0,101.0,75.0,405.0,63.0,614.0,1016.0,8.031863368054069,87.07240955623877,84.87446492251591,73.0,1414.0,307.0,37.55569216628385,1915.0,41.0,29.0,6.285400592590967,6.270895728475204
78,2024-07-01,7.0,NHS Greater Manchester ICB,2026.04.8,134.0,98.99056916501658,7.0,1004.0,134.0,73.0,406.0,53.0,709.0,1139.0,8.461692196189535,82.02692882992177,90.79581401960208,72.0,1351.0,249.0,34.93625944222383,1995.0,66.0,24.0,6.073330011781224,4.8877424086212224
79,2024-07-08,7.0,NHS Greater Manchester ICB,2026.04.8,176.0,100.8321473829535,6.0,1105.0,142.0,69.0,383.0,78.0,702.0,1030.0,8.22954458797427,89.72651752949224,90.02297293809397,54.0,1383.0,257.0,40.7699170659167,1998.0,54.0,26.0,5.272712313415209,5.562604201395951
80,2024-07-15,7.0,NHS Greater Manchester ICB,2026.04.8,,98.05894395797506,7.0,1023.0,119.0,77.0,413.0,69.0,588.0,986.0,7.581523886254288,80.44113568724163,83.88357573984474,70.0,1353.0,321.0,35.41902110178251,1921.0,49.0,18.0,6.097474900248577,4.573568199572773
81,2024-07-22,7.0,NHS Greater Manchester ICB,2026.04.8,165.0,101.3109786400083,12.0,1050.0,100.0,66.0,466.0,62.0,639.0,1105.0,8.921106417180704,84.3698562372851,84.5185905857337,65.0,1381.0,290.0,35.38368121559684,2180.0,51.0,29.0,5.794411153984334,4.846366126276863
82,2024-07-29,7.0,NHS Greater Manchester ICB,2026.04.8,148.0,102.19897783132129,4.0,1083.0,87.0,83.0,424.0,44.0,717.0,1134.0,7.798405144721254,81.70874360712992,86.37541546888293,89.0,1328.0,275.0,38.28178542002636,2034.0,81.0,23.0,5.242485642211523,4.716138485104051
83,2024-08-05,8.0,NHS Greater Manchester ICB,2026.04.8,68.0,98.75165395408176,6.0,999.0,146.0,60.0,403.0,61.0,643.0,1053.0,7.265355588651191,79.33046520182769,85.10735373343455,90.0,1418.0,277.0,32.00784138356732,2046.0,50.0,23.0,6.263619405255242,4.667499396363724
84,2024-08-12,8.0,NHS Greater Manchester ICB,2026.04.8,110.0,95.64933176468558,6.0,1042.0,111.0,74.0,419.0,58.0,641.0,1046.0,8.907420852742558,82.30212414157567,91.99588817074722,57.0,1343.0,295.0,37.5721871633977,2016.0,56.0,28.0,5.828897032446397,4.839574706675895
85,2024-08-19,8.0,NHS Greater Manchester ICB,2026.04.8,130.0,95.04473275119204,6.0,999.0,77.0,72.0,454.0,70.0,633.0,1033.0,7.015401898817597,82.49233354024472,79.69252616171568,67.0,1412.0,276.0,34.99808875001637,2055.0,63.0,20.0,5.43534624074477,4.537125199722461
86,2024-08-26,8.0,NHS Greater Manchester ICB,2026.04.8,69.0,93.74853687328608,4.0,912.0,88.0,63.0,431.0,56.0,616.0,1003.0,7.930774934791931,82.27692185514255,88.69767515903351,73.0,1297.0,290.0,32.11613582073746,2054.0,33.0,25.0,6.155781748306458,4.105578443216048
87,2024-09-02,9.0,NHS Greater Manchester ICB,2026.04.8,117.0,92.01509644965836,6.0,967.0,114.0,61.0,369.0,48.0,600.0,921.0,7.60465254581834,81.95455080384613,80.89609144086977,86.0,1357.0,243.0,37.13781986455695,2049.0,55.0,25.0,5.696761040930892,4.186764715036373
88,2024-09-09,9.0,NHS Greater Manchester ICB,2026.04.8,93.0,91.00668106885048,2.0,1000.0,120.0,60.0,404.0,29.0,614.0,1028.0,6.915301713103378,82.88518965948202,83.74413477070932,42.0,1418.0,248.0,34.0419853522972,2035.0,49.0,26.0,6.196284057346156,5.609461846071208
89,2024-09-16,9.0,NHS Greater Manchester ICB,2026.04.8,136.0,94.17241346584608,7.0,996.0,106.0,64.0,398.0,42.0,652.0,1021.0,6.675215475935867,78.06847056870663,82.25897605478214,73.0,1343.0,228.0,38.40560994978147,1939.0,61.0,16.0,5.374147697588935,5.402839312634485
90,2024-09-23,9.0,NHS Greater Manchester ICB,2026.04.8,46.0,92.623232764765,8.0,1016.0,123.0,59.0,372.0,59.0,669.0,991.0,7.030295330183153,83.06325590836954,76.02423586129116,74.0,1309.0,269.0,37.846758419019686,1998.0,53.0,24.0,5.529057305592053,5.0054812635958434
91,2024-09-30,9.0,NHS Greater Manchester ICB,2026.04.8,73.0,94.90590228261291,5.0,927.0,119.0,59.0,409.0,54.0,636.0,1014.0,7.715420875917414,83.01026146538024,87.87225400123263,87.0,1277.0,235.0,33.659620417904144,2086.0,57.0,19.0,5.456196710072828,4.204229222476271
92,2024-10-07,10.0,NHS Greater Manchester ICB,2026.04.8,75.0,91.5829258875709,5.0,980.0,119.0,56.0,444.0,41.0,590.0,1027.0,6.317347332272032,80.61861277045017,82.77828381121213,69.0,1377.0,220.0,35.03978589249735,2090.0,56.0,26.0,5.636328262279195,4.301679049694262
93,2024-10-14,10.0,NHS Greater Manchester ICB,2026.04.8,150.0,95.70478954449322,8.0,970.0,102.0,53.0,320.0,67.0,661.0,983.0,6.672722177651266,80.18129457390607,89.09686030092722,56.0,1270.0,255.0,35.56098174894042,1940.0,47.0,21.0,5.856659585805428,4.652645786153813
94,2024-10-21,10.0,NHS Greater Manchester ICB,2026.04.8,75.0,98.85277663039692,5.0,965.0,102.0,47.0,366.0,42.0,627.0,965.0,6.95619958713101,80.88222583702994,90.0412528872373,74.0,1208.0,258.0,40.38794792552334,2147.0,43.0,22.0,5.359881104788043,4.720900839293559
95,2024-10-28,10.0,NHS Greater Manchester ICB,2026.04.8,82.0,96.23727842205038,6.0,987.0,143.0,64.0,395.0,47.0,623.0,1015.0,7.389827245598056,82.45283091011605,88.70777564787164,65.0,1402.0,264.0,40.353670905053605,1994.0,41.0,21.0,5.7077113431749495,5.02713318729321
96,2024-11-04,11.0,NHS Greater Manchester ICB,2026.04.8,,93.7707453125428,4.0,997.0,137.0,67.0,423.0,67.0,610.0,970.0,7.16355700752442,82.43111585638978,88.0794146562716,78.0,1211.0,227.0,37.73181933946159,2042.0,50.0,17.0,5.568993685565088,4.87767299322531
97,2024-11-11,11.0,NHS Greater Manchester ICB,2026.04.8,92.0,88.65530351996476,4.0,1034.0,130.0,68.0,384.0,50.0,645.0,1001.0,7.425157845985022,79.27165055739012,85.63332365283097,63.0,1376.0,239.0,37.15345972944126,2074.0,56.0,24.0,5.678553880322113,4.689835087142831
98,2024-11-18,11.0,NHS Greater Manchester ICB,2026.04.8,107.0,94.36248470594198,3.0,950.0,132.0,52.0,394.0,70.0,616.0,1019.0,7.263991480946694,82.65057051720443,87.30902723526476,79.0,1386.0,243.0,36.231803029260135,1932.0,55.0,22.0,5.869812768745768,4.913212431415397
99,2024-11-25,11.0,NHS Greater Manchester ICB,2026.04.8,122.0,100.06359105859468,6.0,1043.0,132.0,63.0,348.0,53.0,627.0,998.0,6.751169486906308,76.99566123052473,87.79187569609562,75.0,1354.0,245.0,37.02312041381859,2229.0,36.0,31.0,6.208892708903869,4.783406926435261
100,2024-12-02,12.0,NHS Greater Manchester ICB,2026.04.8,85.0,96.504743265343,3.0,994.0,115.0,79.0,364.0,57.0,600.0,937.0,8.08705206722144,78.88530484113915,87.09671889521816,74.0,1381.0,291.0,35.41104181202834,1835.0,62.0,31.0,6.018954560308764,5.345212489754801
101,2024-12-09,12.0,NHS Greater Manchester ICB,2026.04.8,80.0,97.75313419981056,8.0,1036.0,125.0,66.0,375.0,61.0,617.0,1015.0,8.02767724437213,84.29668049346577,77.05197111477388,87.0,1294.0,279.0,40.77209735441753,1801.0,53.0,22.0,6.238484301725818,5.269440865357982
102,2024-12-16,12.0,NHS Greater Manchester ICB,2026.04.8,165.0,98.13403585111143,4.0,1047.0,132.0,74.0,359.0,48.0,625.0,980.0,7.637931218582478,86.15750995834121,81.0120753946422,60.0,1294.0,216.0,35.207501769189285,2016.0,42.0,24.0,5.827731174464151,5.163403246094428
103,2024-12-23,12.0,NHS Greater Manchester ICB,2026.04.8,240.0,98.59303536545302,5.0,1059.0,127.0,78.0,440.0,51.0,624.0,1042.0,9.279262414697042,85.17652020817438,86.49391012223671,60.0,1394.0,269.0,34.205076641394655,2130.0,46.0,28.0,6.200173661463457,4.8133544891464055
104,2024-12-30,12.0,NHS Greater Manchester ICB,2026.04.8,186.0,97.83756066785136,3.0,1025.0,112.0,60.0,385.0,64.0,704.0,1094.0,8.214808882668489,88.01087936200332,79.72769305663525,88.0,1352.0,296.0,38.25328792971543,2180.0,51.0,30.0,5.915097191423227,5.298789689134659
105,2025-01-06,1.0,NHS Greater Manchester ICB,2026.04.8,176.0,96.29413004173296,4.0,1006.0,136.0,76.0,421.0,64.0,683.0,1127.0,7.383493475076172,77.65993002366045,81.95843109013342,68.0,1436.0,299.0,32.28923507713997,1937.0,65.0,28.0,6.20106110832497,5.28506675243474
106,2025-01-13,1.0,NHS Greater Manchester ICB,2026.04.8,198.0,96.53631108537532,5.0,983.0,90.0,76.0,371.0,57.0,602.0,1011.0,7.406455599989961,85.30802942581155,83.79575934042975,91.0,1375.0,303.0,36.007010694089885,2022.0,70.0,30.0,5.916690598353696,5.448328363375215
107,2025-01-20,1.0,NHS Greater Manchester ICB,2026.04.8,195.0,100.54935719209212,2.0,1008.0,110.0,71.0,400.0,74.0,697.0,1083.0,7.849257774739038,83.18155639463052,86.17291582044912,82.0,1440.0,257.0,33.99580405828222,1969.0,60.0,20.0,6.29050333705224,5.940110985885789
108,2025-01-27,1.0,NHS Greater Manchester ICB,2026.04.8,202.0,95.3898935897967,10.0,1016.0,120.0,76.0,401.0,57.0,654.0,1050.0,8.189860367019595,82.61532119956996,87.06088526326769,59.0,1281.0,286.0,,2073.0,47.0,29.0,5.795331399140089,6.063210784988232
109,2025-02-03,2.0,NHS Greater Manchester ICB,2026.04.8,,101.6551396001559,3.0,1048.0,99.0,70.0,395.0,61.0,647.0,989.0,9.001050329548908,89.46965043697858,83.63502656947549,86.0,1352.0,306.0,37.06832754819304,2168.0,59.0,23.0,6.310182828765091,5.0818741189333725
110,2025-02-10,2.0,NHS Greater Manchester ICB,2026.04.8,261.0,97.27997114199842,3.0,1013.0,94.0,70.0,312.0,68.0,668.0,960.0,7.884944341656379,83.38819556108145,87.42293970217712,92.0,1401.0,309.0,38.58615089534749,1930.0,51.0,25.0,5.841844989660699,4.946619282728432
111,2025-02-17,2.0,NHS Greater Manchester ICB,2026.04.8,199.0,97.4023550901646,9.0,1047.0,112.0,69.0,386.0,66.0,653.0,1045.0,7.929868582804724,75.20518220324415,82.52518401723543,65.0,1331.0,281.0,33.95118831165635,2178.0,67.0,27.0,5.474958182244532,5.547922841169892
112,2025-02-24,2.0,NHS Greater Manchester ICB,2026.04.8,149.0,97.91632810273268,5.0,1025.0,92.0,69.0,397.0,57.0,591.0,973.0,7.408921015840141,82.89295236321556,87.35076980549628,66.0,1265.0,260.0,37.03369253031126,1911.0,64.0,23.0,6.162323010445601,5.003490862995447
113,2025-03-03,3.0,NHS Greater Manchester ICB,2026.04.8,144.0,96.87811300968724,8.0,1054.0,140.0,58.0,428.0,55.0,693.0,1104.0,7.819262938362759,82.22403597825519,83.53454369556374,67.0,1509.0,257.0,36.768725589456025,2012.0,43.0,20.0,5.858727093820597,5.359082754360895
114,2025-03-10,3.0,NHS Greater Manchester ICB,2026.04.8,113.0,94.93703123246378,3.0,957.0,129.0,68.0,384.0,48.0,655.0,993.0,7.613418187858141,78.61457532829907,83.5893159902731,59.0,1310.0,290.0,33.755697313511206,2052.0,63.0,24.0,6.33702081389078,5.477884142977388
115,2025-03-17,3.0,NHS Greater Manchester ICB,2026.04.8,214.0,101.21538705316392,5.0,1026.0,141.0,76.0,402.0,58.0,650.0,1007.0,7.465457238202246,84.41057614503332,86.61376584767852,72.0,1387.0,260.0,33.049636195991575,1996.0,59.0,26.0,5.515496276837192,6.02300606357548
116,2025-03-24,3.0,NHS Greater Manchester ICB,2026.04.8,161.0,91.33657607233788,6.0,1005.0,101.0,55.0,381.0,54.0,601.0,983.0,8.200660811294139,85.04484332089156,88.98403352084534,88.0,1422.0,265.0,36.65940578489253,2089.0,45.0,22.0,5.764152459174795,5.2572946148995365
117,2025-03-31,3.0,NHS Greater Manchester ICB,2026.04.8,232.0,100.64046833006452,6.0,1068.0,122.0,64.0,354.0,62.0,634.0,934.0,7.978016985971373,80.42445738698699,85.48094254417164,72.0,1258.0,294.0,34.38589618253675,2005.0,66.0,20.0,5.779845540979189,6.273529194919349
118,2025-04-07,4.0,NHS Greater Manchester ICB,2026.04.8,209.0,103.74263807929827,5.0,1030.0,170.0,61.0,439.0,71.0,684.0,1103.0,8.216877929831002,78.10486819772974,82.89638182086182,68.0,1406.0,267.0,37.388653440801306,2021.0,44.0,28.0,6.216658194402124,4.911349176302227
119,2025-04-14,4.0,NHS Greater Manchester ICB,2026.04.8,254.0,97.28751914771262,9.0,1047.0,98.0,57.0,359.0,65.0,690.0,1020.0,8.153936935521394,77.22443107405539,84.18773955550583,75.0,1287.0,315.0,31.62666257807997,2077.0,49.0,23.0,5.753113695043769,5.8216981181661165
120,2025-04-21,4.0,NHS Greater Manchester ICB,2026.04.8,212.0,102.13821335465646,5.0,1087.0,128.0,66.0,365.0,80.0,625.0,959.0,7.358066314086982,82.87728215454513,83.45119394024613,59.0,1408.0,260.0,36.36709797007506,2134.0,71.0,33.0,5.809413841810051,5.272801970016883
121,2025-04-28,4.0,NHS Greater Manchester ICB,2026.04.8,188.0,94.89292662412194,7.0,1050.0,149.0,63.0,417.0,52.0,617.0,1000.0,7.449344191819613,85.61626880770643,88.79233284634554,52.0,1394.0,266.0,36.51998651937734,1952.0,64.0,20.0,5.83161322438878,5.5849412194300045
122,2025-05-05,5.0,NHS Greater Manchester ICB,2026.04.8,148.0,98.38440259907084,9.0,1044.0,127.0,76.0,405.0,51.0,683.0,1041.0,8.044580066987468,83.01364264622046,88.74895480785392,68.0,1431.0,280.0,36.341648274513794,1950.0,55.0,21.0,5.872793239338024,4.99836852491537
123,2025-05-12,5.0,NHS Greater Manchester ICB,2026.04.8,215.0,93.72022858590938,7.0,1064.0,117.0,69.0,394.0,48.0,641.0,1020.0,7.605750970023615,84.12947693773921,87.58776159027353,65.0,1298.0,276.0,37.328087258821725,2177.0,46.0,30.0,6.121269442377945,5.212221953442917
124,2025-05-19,5.0,NHS Greater Manchester ICB,2026.04.8,218.0,97.8037843905552,8.0,1093.0,171.0,55.0,427.0,50.0,622.0,963.0,8.358020642201353,90.23489900869018,85.18958883870552,72.0,1368.0,270.0,34.855894775407364,2109.0,46.0,25.0,6.19811964062411,5.317862715256843
125,2025-05-26,5.0,NHS Greater Manchester ICB,2026.04.8,188.0,100.01919734107278,3.0,976.0,121.0,68.0,365.0,51.0,665.0,1000.0,8.085746377843225,82.27382361157056,85.30997294304512,61.0,1335.0,272.0,34.82436887551875,2124.0,52.0,22.0,5.713877789011181,5.703894368365953
126,2025-06-02,6.0,NHS Greater Manchester ICB,2026.04.8,267.0,97.28041491314364,8.0,1108.0,128.0,67.0,359.0,65.0,656.0,1016.0,7.554991022903158,86.28661899400615,88.29594816771294,90.0,1392.0,269.0,35.78554828605224,2019.0,54.0,22.0,6.257804507941711,5.1260141580473535
127,2025-06-09,6.0,NHS Greater Manchester ICB,2026.04.8,120.0,97.9988861625044,5.0,1036.0,100.0,74.0,466.0,72.0,618.0,1039.0,7.460707362531127,81.42670582937096,86.48772587713356,93.0,1295.0,269.0,33.42218938735013,1994.0,52.0,29.0,5.759233681904711,4.975279169415567
128,2025-06-16,6.0,NHS Greater Manchester ICB,2026.04.8,95.0,97.13582294302512,9.0,982.0,105.0,77.0,360.0,59.0,662.0,1012.0,7.739749089358046,88.47139833902425,86.91458079673407,73.0,1361.0,251.0,37.19392547903448,2016.0,38.0,16.0,5.378575332363409,4.406501070811784
129,2025-06-23,6.0,NHS Greater Manchester ICB,2026.04.8,139.0,98.79852353921324,6.0,1015.0,83.0,64.0,400.0,65.0,655.0,1012.0,7.386511567905773,79.61277303413348,82.95178274644485,77.0,1275.0,289.0,35.84964795453409,2034.0,47.0,23.0,5.569995320029389,5.0251953891401815
130,2025-06-30,6.0,NHS Greater Manchester ICB,2026.04.8,120.0,94.44593083313691,4.0,970.0,144.0,76.0,355.0,66.0,677.0,1018.0,7.255272598004991,87.1279785189006,80.84122274577372,72.0,1304.0,237.0,41.30934922621178,1978.0,42.0,23.0,6.10002637210711,4.788003158066062
131,2025-07-07,7.0,NHS Greater Manchester ICB,2026.04.8,147.0,93.89759715830688,8.0,990.0,122.0,71.0,371.0,37.0,588.0,926.0,6.773813278547235,76.58071744524742,83.92753536424974,59.0,1322.0,266.0,39.287130799974975,2061.0,44.0,20.0,5.435425889443778,5.100254166659419
132,2025-07-14,7.0,NHS Greater Manchester ICB,2026.04.8,129.0,96.70951346965433,6.0,1001.0,119.0,46.0,381.0,41.0,620.0,948.0,6.438328343796576,81.73586555738683,80.69656669856927,73.0,1344.0,246.0,37.17269414645977,1980.0,55.0,28.0,5.963775758210345,3.95470865023265
133,2025-07-21,7.0,NHS Greater Manchester ICB,2026.04.8,114.0,95.52370140257696,4.0,986.0,103.0,64.0,398.0,70.0,694.0,1105.0,8.526341175922557,82.84026338736537,84.6210954642976,76.0,1447.0,256.0,39.09040118489285,1842.0,43.0,19.0,5.226521004877883,5.145402931198167
134,2025-07-28,7.0,NHS Greater Manchester ICB,2026.04.8,84.0,97.44303667178832,4.0,1022.0,112.0,70.0,401.0,63.0,602.0,1023.0,8.058913487885697,80.21132654548259,81.2663331677572,65.0,1418.0,281.0,38.58754256836336,2003.0,47.0,24.0,6.181914832497073,4.5982277486939545
135,2025-08-04,8.0,NHS Greater Manchester ICB,2026.04.8,99.0,93.0717389397633,10.0,994.0,113.0,76.0,397.0,47.0,599.0,970.0,5.675034783063107,77.64564821763462,79.29366610992086,71.0,1396.0,193.0,38.58300089789117,2109.0,60.0,26.0,5.6963419228748124,4.858154630559651
136,2025-08-11,8.0,NHS Greater Manchester ICB,2026.04.8,125.0,97.43877411120914,3.0,977.0,93.0,66.0,391.0,63.0,643.0,1028.0,7.2562494163217215,86.84897659696081,74.11902273166336,85.0,1394.0,196.0,39.093678433181694,1914.0,48.0,29.0,5.929846431604759,4.683365079398439
137,2025-08-18,8.0,NHS Greater Manchester ICB,2026.04.8,,96.65629094423718,7.0,943.0,106.0,59.0,352.0,39.0,645.0,1015.0,7.433518598557504,84.07540565307731,83.44529137548862,49.0,1328.0,243.0,40.0875571121823,2108.0,45.0,22.0,5.753297986437786,4.469361370042747
138,2025-08-25,8.0,NHS Greater Manchester ICB,2026.04.8,105.0,97.65353780484716,8.0,1042.0,83.0,63.0,390.0,58.0,658.0,1025.0,7.2846146675207955,84.87353232156754,82.58303579583195,58.0,1348.0,253.0,36.61840312928876,2058.0,38.0,28.0,5.4163312898586575,4.997944516948732
139,2025-09-01,9.0,NHS Greater Manchester ICB,2026.04.8,145.0,96.28855862068852,12.0,1066.0,128.0,62.0,439.0,56.0,639.0,1033.0,7.894764269506185,84.98002983815864,87.3883090116014,81.0,1426.0,291.0,40.004723292974624,1962.0,57.0,23.0,6.340080617925,5.245663466890025
140,2025-09-08,9.0,NHS Greater Manchester ICB,2026.04.8,116.0,93.85698508823572,3.0,1046.0,121.0,70.0,391.0,59.0,657.0,1016.0,7.28730980057447,78.19181489111905,85.85193675487311,84.0,1261.0,277.0,38.48542136978178,2052.0,48.0,20.0,5.8244925424318135,4.827902360794623
141,2025-09-15,9.0,NHS Greater Manchester ICB,2026.04.8,,95.96807169400375,8.0,961.0,88.0,73.0,380.0,67.0,679.0,1019.0,7.7223143770440785,81.5554619200571,85.05186276516575,97.0,1446.0,211.0,36.83348773594348,2192.0,49.0,23.0,5.2707054048871695,5.610895940908267
142,2025-09-22,9.0,NHS Greater Manchester ICB,2026.04.8,142.0,92.97416332242352,5.0,1015.0,97.0,64.0,387.0,60.0,645.0,1033.0,7.492434561587427,85.89193233126106,88.26570138829014,84.0,1379.0,302.0,37.09868490975562,2012.0,44.0,23.0,5.889566694474441,5.099660085678322
143,2025-09-29,9.0,NHS Greater Manchester ICB,2026.04.8,78.0,97.50520945096376,8.0,993.0,108.0,55.0,346.0,51.0,690.0,1050.0,6.577461796699895,81.45241879902935,85.1138171593998,65.0,1397.0,249.0,37.61037798594061,2234.0,48.0,22.0,6.124248459294753,4.477071292345545
144,2025-10-06,10.0,NHS Greater Manchester ICB,2026.04.8,125.0,91.4599259702603,5.0,991.0,90.0,69.0,369.0,69.0,589.0,959.0,7.531743890899767,84.93227853182049,84.3572800770707,68.0,1457.0,227.0,34.76482962132054,1981.0,37.0,25.0,5.725793964860976,4.659786544822734
145,2025-10-13,10.0,NHS Greater Manchester ICB,2026.04.8,57.0,98.23514927158593,3.0,929.0,99.0,59.0,377.0,44.0,658.0,1034.0,8.33070951676802,81.85087737009978,85.25998474657676,56.0,1339.0,224.0,36.59256608271505,1987.0,45.0,28.0,5.71864818356032,4.512080898759376
146,2025-10-20,10.0,NHS Greater Manchester ICB,2026.04.8,132.0,95.34666191633906,6.0,929.0,85.0,53.0,376.0,55.0,644.0,977.0,5.5948398403142745,81.58701837518552,81.92994954908517,44.0,1325.0,232.0,35.87431340829342,1912.0,39.0,21.0,5.4276957385983176,5.087368159569309
147,2025-10-27,10.0,NHS Greater Manchester ICB,2026.04.8,111.0,96.16173017544912,5.0,931.0,122.0,63.0,396.0,,649.0,1031.0,7.146409170370937,80.56183146380911,83.68394212758787,69.0,1331.0,279.0,41.89347931404346,1819.0,46.0,22.0,5.155516727200637,4.8075741703964106
148,2025-11-03,11.0,NHS Greater Manchester ICB,2026.04.8,94.0,93.45098597511304,5.0,920.0,84.0,43.0,375.0,26.0,662.0,1050.0,6.529838193906095,82.63487633108934,94.83667404741786,52.0,1302.0,220.0,41.76711338932495,2081.0,57.0,16.0,5.6066954452338935,4.504602150447531
149,2025-11-10,11.0,NHS Greater Manchester ICB,2026.04.8,114.0,93.18500224803137,4.0,972.0,98.0,68.0,365.0,47.0,560.0,916.0,6.498860888555185,81.52469679653599,84.61292987182881,68.0,1337.0,237.0,42.32019200857972,2006.0,50.0,22.0,5.385205332881824,5.089080554139856
150,2025-11-17,11.0,NHS Greater Manchester ICB,2026.04.8,83.0,93.78005753417423,7.0,989.0,142.0,70.0,371.0,55.0,642.0,1016.0,7.231817694908883,83.34190864781772,87.01702793392589,62.0,1312.0,271.0,38.28484771358849,2013.0,44.0,24.0,5.8035823464233,5.181758477162682
151,2025-11-24,11.0,NHS Greater Manchester ICB,2026.04.8,121.0,97.43624093746558,6.0,999.0,123.0,69.0,404.0,54.0,632.0,1035.0,7.970617525004689,81.8843819187661,79.64800820466822,78.0,1520.0,286.0,34.52463508480565,2110.0,49.0,18.0,5.96357989038411,5.518868132444252
152,2025-12-01,12.0,NHS Greater Manchester ICB,2026.04.8,172.0,99.24265284945209,6.0,953.0,114.0,74.0,396.0,51.0,607.0,1044.0,7.974471318668257,82.33921616975769,82.74940159620931,67.0,1411.0,244.0,36.61105446098944,2042.0,75.0,24.0,6.196905327979109,5.083203418184089
153,2025-12-08,12.0,NHS Greater Manchester ICB,2026.04.8,137.0,91.28141692325156,5.0,981.0,114.0,67.0,437.0,51.0,581.0,1019.0,6.557657438093492,84.52844379499484,83.2071916119808,85.0,1373.0,230.0,34.40149485432492,2066.0,33.0,26.0,5.90776235354658,4.573614681507371
154,2025-12-15,12.0,NHS Greater Manchester ICB,2026.04.8,116.0,91.16949963126343,9.0,922.0,111.0,63.0,398.0,57.0,652.0,1010.0,7.275309894382217,79.57555371540346,81.50633603542889,76.0,1306.0,281.0,41.76431093776168,2117.0,41.0,19.0,5.74021146444987,4.959194306957906
155,2025-12-22,12.0,NHS Greater Manchester ICB,2026.04.8,144.0,93.44707257524128,4.0,913.0,92.0,56.0,482.0,58.0,653.0,1095.0,6.557463206108371,82.75464741660183,87.37912408312256,79.0,1392.0,230.0,37.69828011809252,1883.0,31.0,22.0,5.936565651889711,5.736372925626007
10,2023-03-13,3.0,NHS South East London ICB,2026.04.8,42.0,90.57121436095936,4.0,891.0,95.0,58.0,314.0,53.0,577.0,926.0,7.417346582782899,75.91155137831974,83.42761832155134,63.0,1346.0,214.0,38.38041454748219,2033.0,24.0,18.0,5.640088775022971,4.8656798122552685
11,2023-03-20,3.0,NHS South East London ICB,2026.04.8,55.0,89.087112308358,4.0,887.0,113.0,45.0,430.0,41.0,507.0,956.0,5.443630393688155,67.79501983815656,77.77420808411483,45.0,1274.0,236.0,39.15936115660073,2098.0,25.0,16.0,5.157066646582597,4.159514360085772
12,2023-03-27,3.0,NHS South East London ICB,2026.04.8,53.0,84.71729881139571,4.0,791.0,76.0,53.0,368.0,38.0,617.0,998.0,4.6191908743142855,81.96136662088294,81.79640740511591,56.0,1337.0,230.0,40.00735909685995,1733.0,35.0,17.0,5.182022308331975,4.532760695871676
13,2023-04-03,4.0,NHS South East London ICB,2026.04.8,48.0,84.48243741604377,4.0,840.0,79.0,59.0,348.0,24.0,528.0,889.0,5.3862095220098976,66.35424433333006,72.52547582799188,44.0,1135.0,217.0,39.6675222969507,1912.0,24.0,17.0,4.816170769413412,3.825289964832282
14,2023-04-10,4.0,NHS South East London ICB,2026.04.8,28.0,87.88539545788908,4.0,904.0,89.0,46.0,353.0,39.0,579.0,894.0,5.4562634197681845,76.2711393522278,81.50959540912001,40.0,1312.0,195.0,41.74380629078735,1861.0,46.0,17.0,4.9880862585447705,4.047604769194738
15,2023-04-17,4.0,NHS South East London ICB,2026.04.8,,91.67505763440208,2.0,943.0,105.0,47.0,375.0,45.0,508.0,880.0,5.958098231821023,73.92829740493679,77.27462110970019,59.0,1233.0,228.0,42.215092952087446,1854.0,34.0,14.0,5.363531791838924,3.951060308730272
16,2023-04-24,4.0,NHS South East London ICB,2026.04.8,36.0,86.188250781024,4.0,849.0,62.0,56.0,351.0,42.0,529.0,840.0,3.936368697583608,78.59604543724946,83.25716862824659,45.0,1271.0,200.0,39.52512010164098,1855.0,15.0,16.0,5.85326218179472,3.675074654941984
17,2023-05-01,5.0,NHS South East London ICB,2026.04.8,37.0,86.59420525466933,4.0,850.0,117.0,52.0,384.0,45.0,559.0,906.0,5.52830965956238,74.46511308509983,81.5874627914065,54.0,1244.0,243.0,41.570541518138455,1844.0,51.0,15.0,5.467882712899241,3.8776506877291648
18,2023-05-08,5.0,NHS South East London ICB,2026.04.8,24.0,86.12450105690165,3.0,774.0,57.0,35.0,330.0,33.0,552.0,860.0,4.35353717390749,79.31740358801994,75.61433942626694,57.0,1295.0,180.0,43.10896596922196,1832.0,38.0,13.0,5.120012187473783,4.525730600071578
19,2023-05-15,5.0,NHS South East London ICB,2026.04.8,,86.85502506504695,2.0,883.0,85.0,50.0,344.0,16.0,536.0,838.0,4.971896502830526,71.50133969709157,81.8212371846584,65.0,1194.0,225.0,39.170953802346034,1954.0,33.0,17.0,5.855224872075805,3.7721693022713554
20,2023-05-22,5.0,NHS South East London ICB,2026.04.8,40.0,87.41589208227936,1.0,875.0,98.0,37.0,355.0,44.0,591.0,932.0,6.117136084029867,75.49627892078384,79.79025101209817,54.0,1224.0,256.0,42.54879164448151,1926.0,40.0,8.0,5.083355302230817,4.298685545879446
21,2023-05-29,5.0,NHS South East London ICB,2026.04.8,24.0,84.12187498557695,1.0,826.0,75.0,43.0,389.0,44.0,546.0,883.0,6.02994606187679,66.12245155610603,84.48612178405503,45.0,1142.0,216.0,37.63251909591283,2122.0,33.0,15.0,5.13655626562718,4.340982807123154
22,2023-06-05,6.0,NHS South East London ICB,2026.04.8,19.0,91.5178430533464,1.0,852.0,73.0,55.0,361.0,11.0,556.0,866.0,6.327431312719599,74.35515713045338,78.95625041585791,35.0,1275.0,230.0,41.538872671904166,1596.0,31.0,12.0,5.039112673695387,3.851388958002529
23,2023-06-12,6.0,NHS South East London ICB,2026.04.8,21.0,86.12528387631336,2.0,884.0,84.0,53.0,366.0,42.0,538.0,860.0,6.701783542611324,76.34334775772467,76.0218702814186,48.0,1179.0,201.0,45.63663299515635,1879.0,44.0,10.0,5.36612792080903,4.143568052886138
24,2023-06-19,6.0,NHS South East London ICB,2026.04.8,31.0,90.8867628082056,1.0,813.0,61.0,44.0,379.0,25.0,574.0,961.0,6.358701637391398,75.46292155109481,79.40132417945017,64.0,1271.0,191.0,39.84280733776763,1980.0,43.0,18.0,5.062610352452217,4.279782902374634
25,2023-06-26,6.0,NHS South East London ICB,2026.04.8,45.0,88.40159691270144,7.0,923.0,129.0,63.0,407.0,43.0,588.0,992.0,6.0876018177531055,80.75689852247382,84.87873091228225,54.0,1323.0,243.0,36.9550688657855,1942.0,40.0,21.0,5.446087797696723,3.668985020089489
26,2023-07-03,7.0,NHS South East London ICB,2026.04.8,37.0,83.80256530383032,2.0,952.0,127.0,52.0,352.0,58.0,556.0,899.0,6.317265831633297,79.59170309297141,75.14128455413771,50.0,1217.0,240.0,40.51770642276528,1919.0,35.0,16.0,5.547843571886844,3.838244046814642
27,2023-07-10,7.0,NHS South East London ICB,2026.04.8,56.0,86.82321283351993,3.0,911.0,98.0,54.0,331.0,36.0,541.0,878.0,6.616562040419033,76.04008182555677,79.90006246248626,48.0,1192.0,269.0,39.67586260867389,1861.0,51.0,16.0,5.56227395358814,4.576719662186686
28,2023-07-17,7.0,NHS South East London ICB,2026.04.8,73.0,92.65065753654868,4.0,888.0,123.0,55.0,297.0,48.0,510.0,839.0,6.38999632696064,73.37430363945735,81.21353230937177,69.0,1469.0,276.0,38.77970996475961,1969.0,32.0,22.0,5.701324169707657,4.454491388576003
29,2023-07-24,7.0,NHS South East London ICB,2026.04.8,52.0,91.25707768267252,2.0,863.0,108.0,57.0,398.0,49.0,629.0,991.0,6.163272137177525,80.11529138247145,76.83352694314017,51.0,1247.0,267.0,41.2004891081176,1832.0,30.0,21.0,5.406830710363778,4.316150249691956
30,2023-07-31,7.0,NHS South East London ICB,2026.04.8,29.0,86.1248611166201,5.0,871.0,124.0,40.0,325.0,39.0,493.0,766.0,6.173804405731139,74.26690530336792,77.07931184941518,57.0,1304.0,265.0,40.66532537580822,1808.0,33.0,20.0,4.939214812089916,3.7880067347288304
31,2023-08-07,8.0,NHS South East London ICB,2026.04.8,26.0,86.69785986005299,3.0,1001.0,95.0,64.0,393.0,43.0,629.0,968.0,5.937817400969465,77.22160985450923,81.52473173677673,39.0,1318.0,273.0,37.69578835401269,1902.0,43.0,15.0,5.131036256986551,3.1062319069099265
32,2023-08-14,8.0,NHS South East London ICB,2026.04.8,37.0,89.8347012511285,6.0,921.0,98.0,37.0,343.0,37.0,598.0,955.0,6.06853034369644,78.66172315932597,79.03434171402206,43.0,1191.0,245.0,43.262031104988026,1874.0,12.0,20.0,5.402467038845878,3.6766845327341415
33,2023-08-21,8.0,NHS South East London ICB,2026.04.8,42.0,90.58208424000064,4.0,933.0,110.0,31.0,443.0,34.0,597.0,987.0,5.62018696564607,73.90081665597022,72.33340194512473,48.0,1153.0,222.0,39.78879374581878,1869.0,42.0,13.0,5.420921268813711,3.453514712613705
34,2023-08-28,8.0,NHS South East London ICB,2026.04.8,65.0,90.1079584863174,2.0,932.0,101.0,57.0,411.0,32.0,598.0,945.0,6.652446978375044,73.81660617252902,79.58971384213602,61.0,1299.0,266.0,39.4819466417822,2021.0,47.0,19.0,5.890021012083315,3.5717316838054343
35,2023-09-04,9.0,NHS South East London ICB,2026.04.8,,89.56565397794029,3.0,830.0,113.0,64.0,431.0,28.0,565.0,946.0,5.92901792364364,78.75696657331349,81.87563697860458,72.0,1326.0,218.0,38.6613746423414,1797.0,25.0,21.0,5.283026619237377,3.993419788824388
36,2023-09-11,9.0,NHS South East London ICB,2026.04.8,59.0,87.9483455636124,1.0,902.0,91.0,71.0,362.0,37.0,572.0,927.0,5.760982472051215,73.13871812012981,79.03481347984358,38.0,1246.0,265.0,39.417176202754725,1904.0,29.0,25.0,5.211566153943379,4.588974932765738
37,2023-09-18,9.0,NHS South East London ICB,2026.04.8,69.0,93.06155864196072,3.0,915.0,108.0,63.0,372.0,44.0,582.0,960.0,6.611873253738116,75.2884023832479,77.75252924070918,64.0,1220.0,225.0,39.091864015183965,1836.0,39.0,23.0,5.459876881671785,3.827894882353748
38,2023-09-25,9.0,NHS South East London ICB,2026.04.8,52.0,88.83068066892484,4.0,941.0,103.0,50.0,349.0,23.0,509.0,844.0,6.24691095540477,74.03808875187991,76.20143110975194,60.0,1365.0,210.0,37.76660430671512,1902.0,32.0,19.0,5.64156133414211,4.294407335127727
39,2023-10-02,10.0,NHS South East London ICB,2026.04.8,65.0,88.29854386207573,3.0,873.0,72.0,58.0,360.0,39.0,625.0,994.0,6.583222163065068,76.15038499201206,75.68294720239459,66.0,1190.0,254.0,37.84225059268932,2110.0,38.0,19.0,5.608207237532568,4.635618051299463
40,2023-10-09,10.0,NHS South East London ICB,2026.04.8,56.0,87.75512586048869,8.0,942.0,98.0,56.0,366.0,32.0,576.0,956.0,5.727559008240107,72.35972696065447,85.73470056842514,51.0,1217.0,289.0,38.85122878175184,1652.0,30.0,20.0,5.758060655154705,3.7732072723130985
41,2023-10-16,10.0,NHS South East London ICB,2026.04.8,67.0,91.62858953414909,7.0,901.0,106.0,47.0,402.0,47.0,563.0,945.0,5.772245781163211,79.3201430185782,86.26665923961451,56.0,1353.0,197.0,38.14696234452852,1986.0,26.0,20.0,5.223146153173974,4.110834587275042
42,2023-10-23,10.0,NHS South East London ICB,2026.04.8,45.0,86.49497741143244,5.0,904.0,106.0,64.0,357.0,53.0,598.0,930.0,5.453508706574922,81.33125717873459,80.70675797461367,69.0,1320.0,245.0,36.245665541537306,1921.0,48.0,22.0,5.441714136418458,4.259337237930816
43,2023-10-30,10.0,NHS South East London ICB,2026.04.8,47.0,87.54881383532017,4.0,998.0,115.0,47.0,397.0,52.0,584.0,973.0,6.435559252718472,76.73401306824272,80.86770393487414,60.0,1330.0,243.0,37.01203348962952,1916.0,34.0,16.0,5.541966835852245,3.947184065178292
44,2023-11-06,11.0,NHS South East London ICB,2026.04.8,52.0,92.97190268672942,5.0,953.0,109.0,60.0,320.0,51.0,552.0,843.0,5.810870317125427,75.76469282670156,80.64412865053664,40.0,1394.0,278.0,37.76578140143362,2095.0,40.0,16.0,5.353681930467553,4.763968836054217
45,2023-11-13,11.0,NHS South East London ICB,2026.04.8,50.0,90.67634269794053,4.0,938.0,106.0,58.0,402.0,25.0,617.0,1017.0,5.606540113594922,78.34657301677434,83.43487737081325,56.0,1248.0,218.0,39.39684896271775,1948.0,44.0,18.0,5.236379362056988,4.06231739614262
46,2023-11-20,11.0,NHS South East London ICB,2026.04.8,52.0,89.2173145724541,5.0,865.0,88.0,35.0,396.0,42.0,586.0,950.0,7.352437268861636,80.98531258583951,83.12691318363554,55.0,1138.0,242.0,37.9842925979077,2002.0,37.0,15.0,5.642623306315722,4.663087627259216
47,2023-11-27,11.0,NHS South East London ICB,2026.04.8,46.0,88.53939320404342,3.0,946.0,104.0,62.0,420.0,31.0,580.0,955.0,5.639591655397613,78.3519742466876,79.39160012188546,37.0,1223.0,232.0,,1962.0,61.0,18.0,5.931599662141224,4.809951296290644
48,2023-12-04,12.0,NHS South East London ICB,2026.04.8,95.0,88.68861007601367,4.0,921.0,114.0,59.0,367.0,45.0,593.0,963.0,5.623754029214273,75.38818082722396,85.56853070735895,52.0,1286.0,270.0,38.48023885446908,1971.0,31.0,21.0,5.896397515485332,4.881087825903284
49,2023-12-11,12.0,NHS South East London ICB,2026.04.8,46.0,93.06476598361166,9.0,950.0,106.0,45.0,371.0,51.0,585.0,999.0,6.433511091070645,84.09999719204922,81.56924351968176,70.0,1357.0,229.0,36.67000042896582,1869.0,42.0,19.0,5.772951573173778,4.475998942409454
50,2023-12-18,12.0,NHS South East London ICB,2026.04.8,55.0,91.23529893750566,5.0,931.0,88.0,47.0,380.0,46.0,595.0,977.0,6.735078864963562,78.01594748624359,87.72450320901457,55.0,1353.0,281.0,40.76688548057849,2056.0,26.0,16.0,4.932954186233269,4.633413842999729
51,2023-12-25,12.0,NHS South East London ICB,2026.04.8,101.0,91.43955436361824,6.0,942.0,118.0,58.0,379.0,47.0,650.0,1000.0,7.175092029014517,77.47522558090542,82.95282324087121,56.0,1376.0,243.0,39.02843619085268,2009.0,50.0,18.0,5.782576183978702,4.221939287664001
52,2024-01-01,1.0,NHS South East London ICB,2026.04.8,81.0,93.98010379663552,9.0,895.0,109.0,45.0,357.0,40.0,586.0,928.0,5.483025282585456,80.43336195786814,79.18487454530907,63.0,1348.0,223.0,36.095154038013234,1991.0,47.0,24.0,6.011316873929828,4.478972895863167
53,2024-01-08,1.0,NHS South East London ICB,2026.04.8,55.0,91.11456780993002,2.0,931.0,84.0,51.0,357.0,49.0,665.0,992.0,5.698926799088755,78.02282828505486,84.64382020343737,67.0,1214.0,211.0,,1863.0,35.0,22.0,5.570856357252914,5.297667610190285
54,2024-01-15,1.0,NHS South East London ICB,2026.04.8,81.0,93.97415751645678,9.0,961.0,87.0,51.0,393.0,52.0,593.0,980.0,6.997906720476595,77.86917570896682,83.70599584505791,67.0,1300.0,286.0,33.909907725591225,1953.0,31.0,18.0,5.596889851709889,5.356154699318016
55,2024-01-22,1.0,NHS South East London ICB,2026.04.8,74.0,92.8143744477102,4.0,1031.0,122.0,57.0,383.0,39.0,614.0,949.0,6.775544045379074,80.56913146918623,81.95841048208035,45.0,1351.0,209.0,36.52038117051768,1991.0,47.0,25.0,6.063620283045188,4.904771126526924
56,2024-01-29,1.0,NHS South East London ICB,2026.04.8,109.0,94.77982227518244,3.0,913.0,96.0,56.0,367.0,51.0,641.0,1020.0,6.710877858083348,76.77424806874342,77.70059747509256,63.0,1281.0,259.0,37.78077443781635,2059.0,56.0,19.0,5.532799875812771,4.221427191957438
57,2024-02-05,2.0,NHS South East London ICB,2026.04.8,123.0,90.13121471603148,5.0,936.0,99.0,53.0,327.0,44.0,549.0,856.0,6.710631792668171,83.96824888680855,77.68248117059781,48.0,1319.0,254.0,35.55221167637329,1956.0,30.0,20.0,5.593559516050203,4.877565118561947
58,2024-02-12,2.0,NHS South East London ICB,2026.04.8,166.0,91.78977412692588,3.0,960.0,88.0,56.0,429.0,34.0,622.0,1034.0,5.530066437307308,81.70980034612812,81.48029962148547,49.0,1322.0,265.0,36.92761794686874,2234.0,53.0,29.0,5.612551739455836,5.934404688928224
59,2024-02-19,2.0,NHS South East London ICB,2026.04.8,112.0,90.74059177710946,4.0,954.0,95.0,66.0,388.0,47.0,624.0,980.0,6.665559276391332,81.81456116399517,80.11614244630864,71.0,1422.0,228.0,35.4389885439288,1798.0,48.0,25.0,6.091004345387328,4.385223859806848
60,2024-02-26,2.0,NHS South East London ICB,2026.04.8,161.0,97.14923037870096,8.0,977.0,67.0,70.0,418.0,35.0,721.0,1159.0,7.102864066144308,81.50310060669747,82.77627068453991,62.0,1360.0,290.0,38.166369322112274,2061.0,49.0,21.0,6.248517230538456,5.281253798634462
61,2024-03-04,3.0,NHS South East London ICB,2026.04.8,121.0,92.69924457882516,4.0,908.0,101.0,71.0,393.0,65.0,670.0,1008.0,7.374095312010069,81.14567089363337,84.31945582976286,73.0,1289.0,227.0,37.73972776815776,1822.0,35.0,23.0,5.925224002259107,4.867808833316589
62,2024-03-11,3.0,NHS South East London ICB,2026.04.8,147.0,96.11132067059388,4.0,986.0,118.0,66.0,420.0,48.0,652.0,992.0,7.693613248637442,77.09277331996776,85.17458735721947,71.0,1333.0,261.0,35.73611881783714,2120.0,46.0,18.0,5.459963736035645,4.877335012616227
63,2024-03-18,3.0,NHS South East London ICB,2026.04.8,143.0,92.61263753017266,8.0,981.0,120.0,61.0,395.0,57.0,622.0,1008.0,6.454765512087834,74.41437447402632,85.19384450390136,78.0,1303.0,286.0,36.55029223483493,2077.0,54.0,26.0,5.388737489656315,5.243147729382609
64,2024-03-25,3.0,NHS South East London ICB,2026.04.8,132.0,94.00075187264368,7.0,939.0,94.0,56.0,434.0,78.0,598.0,953.0,7.531970013531974,86.55130305156338,86.45396392107186,69.0,1285.0,226.0,38.34433153301253,1998.0,43.0,19.0,5.356504367658594,4.117481476950987
65,2024-04-01,4.0,NHS South East London ICB,2026.04.8,102.0,93.51544784847586,7.0,989.0,122.0,58.0,321.0,59.0,618.0,929.0,7.63897894054998,84.91827384124228,87.40433840752463,73.0,1263.0,246.0,,1947.0,26.0,19.0,6.343678067016963,4.243198504259201
66,2024-04-08,4.0,NHS South East London ICB,2026.04.8,94.0,94.74420284186672,7.0,897.0,84.0,45.0,371.0,,540.0,878.0,5.548921101620211,74.24587542372738,76.69513135916077,71.0,1142.0,223.0,34.877288617372486,1866.0,44.0,21.0,5.544363754107879,4.052923623669182
67,2024-04-15,4.0,NHS South East London ICB,2026.04.8,64.0,85.48455752447711,2.0,985.0,101.0,45.0,405.0,57.0,555.0,941.0,6.790171432063497,74.27701767986851,84.51728352917033,74.0,1196.0,208.0,40.360445891665776,1948.0,38.0,25.0,5.551144632755444,4.149478694956454
68,2024-04-22,4.0,NHS South East London ICB,2026.04.8,65.0,93.21837030431443,5.0,905.0,77.0,62.0,413.0,46.0,613.0,1008.0,5.761640125363877,81.99019127803483,73.00003612503681,40.0,1256.0,284.0,37.71696293951844,1996.0,41.0,25.0,5.709655911814954,4.553202065311488
69,2024-04-29,4.0,NHS South East London ICB,2026.04.8,67.0,85.83968257675657,6.0,955.0,94.0,60.0,337.0,31.0,525.0,877.0,6.868633264684013,79.44487889153842,81.92080410376268,58.0,1289.0,253.0,35.26744740199575,1806.0,34.0,19.0,6.183711651729861,4.541436482413786
70,2024-05-06,5.0,NHS South East London ICB,2026.04.8,68.0,89.74018849118931,5.0,908.0,64.0,41.0,362.0,59.0,485.0,832.0,6.085109937897773,75.78099475444962,86.12165556453867,63.0,1235.0,242.0,38.660459970824384,1827.0,35.0,26.0,5.461068501244265,3.834331023654058
71,2024-05-13,5.0,NHS South East London ICB,2026.04.8,,91.21450823629972,10.0,988.0,91.0,64.0,317.0,,590.0,895.0,5.3790697040336815,79.44176638980977,81.82712350135064,50.0,1230.0,213.0,40.15392171178966,1941.0,36.0,17.0,5.395712425223539,3.836148608717194
72,2024-05-20,5.0,NHS South East London ICB,2026.04.8,48.0,90.41592161592916,3.0,880.0,92.0,49.0,340.0,41.0,599.0,939.0,4.009796911046435,74.00737353968654,77.39005752921145,70.0,1372.0,239.0,39.19883228203213,1855.0,37.0,19.0,5.427206670798916,3.9833540742338767
73,2024-05-27,5.0,NHS South East London ICB,2026.04.8,42.0,86.5736852472277,4.0,869.0,103.0,50.0,358.0,40.0,598.0,902.0,6.118768956348556,74.11454189510671,79.68646103836714,62.0,1238.0,240.0,41.5770561728699,1854.0,28.0,19.0,5.438528953900637,3.640046736785547
74,2024-06-03,6.0,NHS South East London ICB,2026.04.8,37.0,85.06858148868005,3.0,845.0,54.0,51.0,339.0,49.0,543.0,843.0,5.280488488091399,75.48686752470726,81.09637138393549,35.0,1283.0,209.0,42.24384532379859,1984.0,31.0,18.0,5.572844637792927,4.031761356189175
75,2024-06-10,6.0,NHS South East London ICB,2026.04.8,27.0,86.3764993922538,3.0,840.0,79.0,45.0,380.0,16.0,561.0,939.0,6.068418984232677,76.66142677498891,80.05787189819931,48.0,1214.0,226.0,41.10878144760173,1845.0,37.0,11.0,5.272460627379329,3.756214597547768
76,2024-06-17,6.0,NHS South East London ICB,2026.04.8,51.0,87.6085397078644,4.0,857.0,87.0,42.0,339.0,24.0,559.0,881.0,4.81330275225494,71.74645773247036,78.23700531483901,62.0,1215.0,248.0,40.33185507676222,1821.0,15.0,20.0,5.265220599951098,3.7085535316792986
77,2024-06-24,6.0,NHS South East London ICB,2026.04.8,28.0,86.76069266120176,5.0,846.0,82.0,42.0,310.0,55.0,581.0,883.0,5.700779930021212,72.11962255925096,79.53996511498899,33.0,1257.0,219.0,39.22274870165595,1836.0,39.0,26.0,5.28705427121465,3.8422097918344087
78,2024-07-01,7.0,NHS South East London ICB,2026.04.8,40.0,90.7125894046427,4.0,857.0,87.0,59.0,354.0,39.0,518.0,852.0,5.991419764884702,74.83193254310896,83.3397139795245,47.0,1273.0,265.0,35.91673300972242,1962.0,34.0,18.0,5.56460441270823,4.308008290090275
79,2024-07-08,7.0,NHS South East London ICB,2026.04.8,31.0,85.57025971690304,5.0,871.0,94.0,55.0,344.0,44.0,559.0,837.0,7.514283234180557,79.95135345497359,83.1030263315375,47.0,1276.0,232.0,39.94596322908557,1922.0,33.0,16.0,5.123533909883631,4.295858829534243
80,2024-07-15,7.0,NHS South East London ICB,2026.04.8,60.0,88.37813006983457,7.0,903.0,59.0,56.0,405.0,41.0,562.0,955.0,5.257072212104593,72.90619194388783,75.81694683259725,40.0,1210.0,257.0,38.01961862260804,1953.0,26.0,16.0,5.401089205028613,3.668906493531053
81,2024-07-22,7.0,NHS South East London ICB,2026.04.8,43.0,90.95997217983974,2.0,891.0,114.0,45.0,354.0,32.0,550.0,887.0,6.6446973249026575,76.44003762433348,80.1653619601414,43.0,1307.0,247.0,39.5042674202842,1955.0,37.0,16.0,5.324309467473856,3.3780063302647485
82,2024-07-29,7.0,NHS South East London ICB,2026.04.8,46.0,88.60796467307732,6.0,888.0,84.0,55.0,361.0,46.0,577.0,922.0,6.284702207210776,77.19454632677014,86.24769274147278,43.0,1247.0,309.0,39.49395509150048,1820.0,31.0,18.0,5.708728690823651,3.7118426881629096
83,2024-08-05,8.0,NHS South East London ICB,2026.04.8,53.0,87.76952902188762,3.0,931.0,94.0,48.0,377.0,27.0,586.0,966.0,7.062458427055805,78.83092003684386,78.20697664335364,56.0,1296.0,207.0,38.81151534766102,1786.0,39.0,16.0,5.334177712996144,4.054534741732369
84,2024-08-12,8.0,NHS South East London ICB,2026.04.8,47.0,85.9939557208689,2.0,922.0,100.0,61.0,376.0,42.0,614.0,957.0,6.474968570764448,77.95712505907242,85.22315107000746,59.0,1260.0,204.0,43.96834526668798,1954.0,49.0,21.0,5.499152502072464,4.102247599097255
85,2024-08-19,8.0,NHS South East London ICB,2026.04.8,70.0,88.31906052666709,3.0,899.0,100.0,50.0,422.0,39.0,577.0,990.0,5.696505256241217,78.91644752038657,77.14280273203303,60.0,1207.0,243.0,39.12309425177418,1815.0,26.0,25.0,5.449740323040578,4.111653438032311
86,2024-08-26,8.0,NHS South East London ICB,2026.04.8,68.0,87.07796161207294,1.0,924.0,98.0,59.0,378.0,43.0,614.0,971.0,6.35792167902769,80.220876417816,79.09837475098836,65.0,1300.0,209.0,42.788687123394006,2036.0,26.0,24.0,5.833566199515084,3.84756818387054
87,2024-09-02,9.0,NHS South East London ICB,2026.04.8,58.0,89.8123822168097,2.0,890.0,86.0,67.0,365.0,41.0,588.0,939.0,7.38963610505831,75.85780925885155,84.90999720748326,57.0,1335.0,229.0,42.18684011856346,2026.0,48.0,22.0,5.418655584107723,4.317040724370608
88,2024-09-09,9.0,NHS South East London ICB,2026.04.8,63.0,88.33947804288002,5.0,859.0,87.0,35.0,341.0,37.0,559.0,870.0,5.609891942606903,78.75410256487915,74.90795373253759,43.0,1239.0,256.0,40.740971146317285,1822.0,24.0,17.0,5.961469947475227,3.943712778560035
89,2024-09-16,9.0,NHS South East London ICB,2026.04.8,34.0,90.48637932518528,5.0,920.0,74.0,58.0,380.0,50.0,516.0,889.0,5.755601061430715,81.48745277456125,81.37322419901157,57.0,1325.0,255.0,40.8497524850471,1981.0,23.0,17.0,5.057812016907276,4.632202370582387
90,2024-09-23,9.0,NHS South East London ICB,2026.04.8,44.0,87.33946600066317,3.0,846.0,85.0,45.0,333.0,27.0,531.0,833.0,6.216341417734886,68.10730488693189,79.99287602054396,55.0,1250.0,222.0,43.84725251154748,1857.0,31.0,20.0,6.049046854647986,3.601786426489456
91,2024-09-30,9.0,NHS South East London ICB,2026.04.8,42.0,88.6779405937839,3.0,897.0,118.0,50.0,434.0,29.0,581.0,1011.0,5.157130782328591,69.3679893583645,84.86889740073424,32.0,1176.0,246.0,37.622033853506345,1873.0,41.0,19.0,5.102125656818927,3.69746073368832
92,2024-10-07,10.0,NHS South East London ICB,2026.04.8,51.0,89.23644516469896,5.0,890.0,100.0,48.0,412.0,27.0,533.0,881.0,5.691998827156063,75.99634241739277,85.27922290577409,38.0,1246.0,213.0,37.555486309708485,1870.0,41.0,22.0,5.668160144926598,4.353268307733297
93,2024-10-14,10.0,NHS South East London ICB,2026.04.8,47.0,88.07296625466327,2.0,863.0,84.0,51.0,326.0,32.0,608.0,881.0,5.539492169354653,75.32875699617537,78.72768735386333,39.0,1259.0,219.0,42.78426631807191,1907.0,47.0,12.0,5.49711817160823,3.773243690590653
94,2024-10-21,10.0,NHS South East London ICB,2026.04.8,25.0,91.16016297753276,3.0,825.0,79.0,48.0,319.0,25.0,537.0,834.0,4.721996006379181,72.80622014895935,76.4720057538967,41.0,1219.0,226.0,37.73616819048301,1631.0,39.0,21.0,5.334942288428028,3.831366027621667
95,2024-10-28,10.0,NHS South East London ICB,2026.04.8,45.0,94.8040433467154,6.0,835.0,66.0,56.0,345.0,17.0,549.0,820.0,5.937242596333637,72.88087213066638,76.89050605507217,40.0,1317.0,246.0,40.57243028539982,1944.0,35.0,11.0,5.204893535002156,4.696345919233402
96,2024-11-04,11.0,NHS South East London ICB,2026.04.8,,92.95769165434744,6.0,841.0,91.0,31.0,354.0,38.0,524.0,893.0,5.777237213710429,81.04045307566957,79.45576289390084,44.0,1290.0,226.0,41.0895393082941,1685.0,33.0,18.0,5.54982577952164,4.316861514724654
97,2024-11-11,11.0,NHS South East London ICB,2026.04.8,37.0,85.54457833344827,2.0,911.0,76.0,35.0,363.0,27.0,592.0,902.0,6.396820757048658,71.79022708943104,77.27421809092375,53.0,1179.0,184.0,35.87783558878837,1799.0,35.0,16.0,5.2607086972565895,3.125645542573724
98,2024-11-18,11.0,NHS South East London ICB,2026.04.8,60.0,89.26977764360566,4.0,906.0,90.0,55.0,385.0,22.0,600.0,935.0,5.798011868095741,76.793997148458,85.43442324264973,48.0,1209.0,206.0,37.64792852568883,1889.0,49.0,15.0,5.463172483830541,3.805040377658487
99,2024-11-25,11.0,NHS South East London ICB,2026.04.8,27.0,85.92122316826199,2.0,855.0,81.0,61.0,320.0,29.0,581.0,900.0,6.02721275041758,73.21635427987684,83.05936582779803,49.0,1253.0,195.0,35.629792420965096,1801.0,51.0,18.0,5.464453030355831,3.5102609355656145
100,2024-12-02,12.0,NHS South East London ICB,2026.04.8,36.0,84.61583920891391,3.0,764.0,49.0,38.0,337.0,33.0,480.0,784.0,5.806449409443099,77.87554676031846,76.86236551662832,42.0,1269.0,199.0,45.22616769127425,1988.0,47.0,23.0,5.249894073481987,3.81970984909412
101,2024-12-09,12.0,NHS South East London ICB,2026.04.8,31.0,87.70881956059385,3.0,878.0,68.0,49.0,398.0,19.0,553.0,960.0,4.368213384417156,71.93158162882592,80.16669584914385,50.0,1193.0,224.0,41.44681105875214,2019.0,46.0,10.0,5.925331605623704,4.072173497940713
102,2024-12-16,12.0,NHS South East London ICB,2026.04.8,29.0,86.30501417102303,5.0,921.0,44.0,30.0,394.0,34.0,512.0,933.0,5.674709245365645,70.21646765402431,74.78497219910311,39.0,1193.0,211.0,37.46399204813866,1906.0,17.0,17.0,5.946305680396024,3.796620286916529
103,2024-12-23,12.0,NHS South East London ICB,2026.04.8,,87.53087685912347,4.0,786.0,64.0,36.0,353.0,42.0,512.0,841.0,4.300534451291454,75.16326897127529,80.94937614764252,38.0,1143.0,212.0,40.29600473152093,1782.0,34.0,20.0,5.256369054415835,3.5553761179649026
104,2024-12-30,12.0,NHS South East London ICB,2026.04.8,61.0,86.94727266109469,3.0,801.0,82.0,42.0,353.0,28.0,548.0,876.0,3.8381157066463207,72.04996652789674,76.47195616260461,51.0,1237.0,243.0,40.69769955337287,1992.0,31.0,18.0,5.456721337959119,4.37791143200339
105,2025-01-06,1.0,NHS South East London ICB,2026.04.8,29.0,87.75994935373589,1.0,855.0,83.0,51.0,382.0,28.0,635.0,1023.0,4.368904862705593,67.92910955262738,77.14186632903181,42.0,1282.0,193.0,41.080317531044805,1850.0,22.0,11.0,5.532174247949959,3.829998402304396
106,2025-01-13,1.0,NHS South East London ICB,2026.04.8,36.0,88.50414623053699,6.0,815.0,96.0,57.0,398.0,30.0,507.0,937.0,5.808947539730805,76.82789221139544,78.27432510619906,44.0,1244.0,196.0,43.749216552689646,1820.0,36.0,17.0,5.0068757254672684,4.014624369256006
107,2025-01-20,1.0,NHS South East London ICB,2026.04.8,34.0,87.65503447952923,6.0,831.0,70.0,47.0,380.0,18.0,576.0,961.0,5.293091218544554,75.51986721597378,74.55065232471947,49.0,1211.0,190.0,44.49790076526487,1930.0,25.0,14.0,5.584270678472368,3.7398145112810046
108,2025-01-27,1.0,NHS South East London ICB,2026.04.8,45.0,85.27903531008175,5.0,735.0,48.0,50.0,315.0,23.0,524.0,839.0,4.19863244746493,73.59003111253476,79.1825187516591,55.0,1149.0,236.0,43.26123892351906,1598.0,36.0,16.0,5.51749981149703,3.669375415843142
109,2025-02-03,2.0,NHS South East London ICB,2026.04.8,38.0,88.24059666263004,5.0,872.0,85.0,40.0,367.0,25.0,512.0,876.0,4.501476693580402,71.0989132991449,77.14662198565783,50.0,1271.0,240.0,44.21320309615366,1810.0,32.0,10.0,5.534216656559062,3.6974229201304096
110,2025-02-10,2.0,NHS South East London ICB,2026.04.8,46.0,84.38322361179867,5.0,801.0,123.0,59.0,319.0,29.0,577.0,904.0,4.192082728201831,75.20916226106748,84.9002239559374,70.0,1236.0,262.0,45.159818170595976,1888.0,48.0,25.0,5.2055054115679695,4.509413762171056
111,2025-02-17,2.0,NHS South East London ICB,2026.04.8,42.0,84.07366643388131,1.0,887.0,100.0,50.0,368.0,30.0,524.0,874.0,3.832872059804692,67.86472589125995,80.58943224052679,46.0,1148.0,255.0,42.07404690286791,1892.0,13.0,24.0,4.94492121372155,4.193594097810478
112,2025-02-24,2.0,NHS South East London ICB,2026.04.8,43.0,85.26960496086556,2.0,852.0,101.0,57.0,333.0,35.0,512.0,776.0,4.673965995575498,75.63113434934861,73.12958830905791,38.0,1199.0,219.0,45.42335596073736,1890.0,28.0,15.0,5.673511771426443,3.635796438264609
113,2025-03-03,3.0,NHS South East London ICB,2026.04.8,44.0,85.33406856902707,1.0,815.0,57.0,43.0,353.0,38.0,523.0,884.0,4.666995915754103,64.69273791091737,77.18380909913957,43.0,1269.0,232.0,39.432824500742086,1849.0,35.0,16.0,4.958459720352191,4.47204667439818
114,2025-03-10,3.0,NHS South East London ICB,2026.04.8,34.0,82.87042011698242,6.0,778.0,82.0,40.0,330.0,14.0,517.0,827.0,3.889778723050709,74.32457108957031,78.75616726734518,40.0,1248.0,229.0,46.14939181933613,2028.0,41.0,11.0,4.893550023997086,3.871533143907269
115,2025-03-17,3.0,NHS South East London ICB,2026.04.8,22.0,84.62269191662992,3.0,790.0,79.0,35.0,343.0,17.0,528.0,834.0,5.0073196712661865,76.10179852610341,73.71332148940529,30.0,1170.0,202.0,42.35962316347657,1810.0,43.0,18.0,5.364758238629877,4.214029230188546
116,2025-03-24,3.0,NHS South East London ICB,2026.04.8,48.0,83.59194268720759,2.0,747.0,38.0,42.0,367.0,21.0,555.0,893.0,3.875706690941853,71.3984577404307,80.42773304151889,44.0,1154.0,203.0,39.38989867612541,1755.0,32.0,17.0,5.323558527629793,3.6171767834105344
117,2025-03-31,3.0,NHS South East London ICB,2026.04.8,32.0,92.80214031700352,1.0,875.0,49.0,55.0,345.0,33.0,587.0,918.0,4.534608003341224,71.6412775702637,78.02424477802995,27.0,1190.0,265.0,43.32077900389906,1783.0,30.0,18.0,5.335028205724019,3.992845130985668
118,2025-04-07,4.0,NHS South East London ICB,2026.04.8,51.0,86.80549409943666,2.0,851.0,85.0,22.0,380.0,28.0,588.0,925.0,4.948597046137795,70.56720859396479,80.35532342185653,35.0,1194.0,217.0,45.85272275752452,1795.0,29.0,18.0,5.343694919172972,4.120590945110743
119,2025-04-14,4.0,NHS South East London ICB,2026.04.8,35.0,88.28881871814794,4.0,831.0,79.0,43.0,335.0,17.0,498.0,850.0,5.586035819094657,78.94706351311768,73.12211366620107,36.0,1219.0,239.0,40.44773562958044,1897.0,9.0,19.0,5.91633529931613,3.272780685744269
120,2025-04-21,4.0,NHS South East London ICB,2026.04.8,32.0,86.96898769589245,2.0,803.0,99.0,49.0,328.0,28.0,522.0,832.0,5.982182394778732,88.05092287248874,82.58995369928701,30.0,1182.0,248.0,42.59983493182612,1883.0,29.0,29.0,4.771804404607172,3.4749997181271675
121,2025-04-28,4.0,NHS South East London ICB,2026.04.8,32.0,93.91034622660544,1.0,819.0,85.0,35.0,373.0,36.0,547.0,915.0,4.826059798100404,76.67018778951315,68.56391755210102,49.0,1088.0,216.0,43.65457247568585,1770.0,32.0,17.0,5.388764310742867,3.932356262709604
122,2025-05-05,5.0,NHS South East London ICB,2026.04.8,,87.37537624916453,2.0,930.0,99.0,42.0,377.0,34.0,591.0,978.0,5.837816806946321,73.67505044816195,81.40636776876079,52.0,1166.0,255.0,39.38374990675612,1785.0,41.0,16.0,5.412004148863763,4.84329774301237
123,2025-05-12,5.0,NHS South East London ICB,2026.04.8,45.0,85.2301997273904,2.0,813.0,49.0,67.0,327.0,22.0,511.0,818.0,5.89028399691972,74.91327085925523,80.04698225274663,37.0,1183.0,234.0,43.88104362058201,1804.0,16.0,19.0,5.67826526273082,4.04109967925141
124,2025-05-19,5.0,NHS South East London ICB,2026.04.8,35.0,87.68077092889055,4.0,942.0,87.0,49.0,419.0,41.0,568.0,964.0,5.095849081530855,79.36790477643916,80.75291692662576,62.0,1118.0,216.0,41.8383808254635,1789.0,39.0,12.0,5.355846099361528,3.81736044017571
125,2025-05-26,5.0,NHS South East London ICB,2026.04.8,43.0,86.31608515662899,6.0,910.0,87.0,43.0,363.0,25.0,506.0,865.0,4.874473739088931,75.80756843585179,79.9869293826453,57.0,1267.0,257.0,44.58264799698457,1821.0,22.0,11.0,5.275628464553738,3.313131868147339
126,2025-06-02,6.0,NHS South East London ICB,2026.04.8,30.0,85.05284168840905,3.0,770.0,84.0,49.0,362.0,21.0,540.0,899.0,4.595693944003144,73.90516573318125,78.38637967471355,39.0,1262.0,242.0,45.00412255141362,1651.0,18.0,19.0,5.049360728834276,3.907929089176085
127,2025-06-09,6.0,NHS South East London ICB,2026.04.8,28.0,83.90341538887724,3.0,863.0,33.0,35.0,360.0,15.0,570.0,918.0,4.034589962923637,67.57881767336197,74.96988322821205,38.0,1257.0,222.0,41.63895024057732,1938.0,26.0,14.0,5.496869428442098,3.5759531552136874
128,2025-06-16,6.0,NHS South East London ICB,2026.04.8,21.0,83.84401379773341,0.0,833.0,73.0,45.0,387.0,,520.0,925.0,4.115486894429283,66.57166251386286,73.0310431842529,47.0,1202.0,170.0,38.09808339531793,1911.0,29.0,11.0,4.931289410860405,3.7236381109888574
129,2025-06-23,6.0,NHS South East London ICB,2026.04.8,,82.42260571878202,2.0,751.0,55.0,38.0,411.0,27.0,523.0,971.0,5.109698111088583,72.65280100592707,80.18747238651889,42.0,1220.0,180.0,41.80388697125504,1873.0,29.0,14.0,5.115221378751386,3.3067992872062897
130,2025-06-30,6.0,NHS South East London ICB,2026.04.8,11.0,84.26796506490659,2.0,843.0,42.0,41.0,308.0,38.0,523.0,789.0,4.183737041368711,71.86604488699022,82.64737897211538,43.0,1164.0,224.0,41.08035124597753,1897.0,41.0,11.0,5.457865370643918,3.081336961587743
131,2025-07-07,7.0,NHS South East London ICB,2026.04.8,22.0,84.83269552145642,1.0,782.0,61.0,38.0,375.0,12.0,493.0,868.0,4.0581229491368775,73.92822554188174,75.3914148005057,49.0,1224.0,201.0,42.490873793940494,1733.0,18.0,19.0,5.796110391718179,2.9046579418328613
132,2025-07-14,7.0,NHS South East London ICB,2026.04.8,26.0,83.52682494153785,6.0,797.0,68.0,20.0,343.0,23.0,558.0,842.0,4.239982609675232,72.05058481151175,78.36418857733673,16.0,1220.0,202.0,40.552377868152895,1755.0,30.0,17.0,5.087800285689052,2.8478413153084885
133,2025-07-21,7.0,NHS South East London ICB,2026.04.8,20.0,81.07331691046015,0.0,839.0,72.0,35.0,308.0,24.0,527.0,814.0,4.620119090639869,72.57045204667354,79.24205530387302,18.0,1172.0,233.0,44.09180053931257,1705.0,40.0,15.0,5.201942497261208,3.122818690795432
134,2025-07-28,7.0,NHS South East London ICB,2026.04.8,16.0,86.42600957964454,6.0,790.0,79.0,47.0,345.0,32.0,515.0,836.0,4.395073242553125,74.27489402816266,69.71369158149332,9.0,1162.0,203.0,39.69541186126862,1870.0,38.0,13.0,5.664022988630549,2.960940146128066
135,2025-08-04,8.0,NHS South East London ICB,2026.04.8,20.0,82.24011795445027,1.0,783.0,105.0,45.0,327.0,22.0,469.0,761.0,5.0073088308892,73.86316286428337,74.23695714308366,20.0,1036.0,204.0,40.50044783029589,1669.0,14.0,9.0,4.891031567121188,3.547358184628016
136,2025-08-11,8.0,NHS South East London ICB,2026.04.8,17.0,84.03727813450239,1.0,881.0,45.0,43.0,369.0,36.0,523.0,916.0,4.185542771759756,68.5465148284034,80.79339855848177,3.0,1162.0,240.0,39.74650800185034,1652.0,33.0,12.0,5.165088374367512,3.1873243075404
137,2025-08-18,8.0,NHS South East London ICB,2026.04.8,19.0,80.98396976525882,1.0,818.0,76.0,49.0,371.0,22.0,484.0,823.0,4.9678920365864725,72.58045128206913,75.46372746824852,35.0,1183.0,190.0,42.51338839524647,1927.0,28.0,20.0,5.430294144442498,2.646092684753296
138,2025-08-25,8.0,NHS South East London ICB,2026.04.8,23.0,84.94449255025644,3.0,764.0,89.0,34.0,352.0,20.0,523.0,831.0,5.05613122925983,77.92641505374355,78.59362485649926,34.0,1123.0,244.0,40.67550576293274,1798.0,43.0,18.0,4.969306090464276,2.6393615088119056
139,2025-09-01,9.0,NHS South East London ICB,2026.04.8,21.0,82.58043964862495,1.0,790.0,39.0,43.0,359.0,16.0,465.0,766.0,4.364863583009679,70.91653989102738,77.0123385353699,29.0,1304.0,207.0,,1781.0,31.0,12.0,4.977861041207718,3.218737558439652
140,2025-09-08,9.0,NHS South East London ICB,2026.04.8,20.0,85.0384498121606,1.0,778.0,26.0,44.0,333.0,23.0,507.0,854.0,5.627851748063964,74.2050506070708,77.85242007828525,45.0,1230.0,229.0,40.62046506158805,1920.0,26.0,19.0,5.777703513492959,3.3277462015690853
141,2025-09-15,9.0,NHS South East London ICB,2026.04.8,16.0,86.69310782820823,4.0,871.0,35.0,44.0,372.0,40.0,543.0,881.0,4.82071379996903,73.73593756371396,78.47891427219902,26.0,1189.0,213.0,43.44409851874908,1788.0,29.0,16.0,4.888111482452029,3.622379755169268
142,2025-09-22,9.0,NHS South East London ICB,2026.04.8,34.0,85.23565136306385,5.0,864.0,65.0,54.0,296.0,14.0,539.0,864.0,6.130470559554267,72.98474106196437,78.20852038437006,58.0,1226.0,244.0,38.84190484459637,1938.0,31.0,19.0,5.641528034323872,4.112479352614497
143,2025-09-29,9.0,NHS South East London ICB,2026.04.8,20.0,88.38497668239118,3.0,822.0,58.0,67.0,352.0,18.0,490.0,830.0,5.684801214572391,68.62389056831515,75.02887173076947,35.0,1290.0,249.0,39.82417107689784,1780.0,32.0,18.0,5.582634673569291,3.3718189223707924
144,2025-10-06,10.0,NHS South East London ICB,2026.04.8,29.0,85.94499733539706,0.0,850.0,90.0,42.0,319.0,26.0,597.0,884.0,5.253702716522421,70.8433331569369,77.26493224639418,47.0,1271.0,193.0,43.92585117847763,1791.0,39.0,20.0,5.372340260799797,3.6014640099867887
145,2025-10-13,10.0,NHS South East London ICB,2026.04.8,27.0,82.59074161799101,3.0,862.0,65.0,32.0,408.0,19.0,570.0,963.0,4.887714505352079,76.39434629873286,75.2410973314427,29.0,1213.0,178.0,42.30722442554839,1809.0,20.0,22.0,4.953596866554711,3.427768055625366
146,2025-10-20,10.0,NHS South East London ICB,2026.04.8,24.0,84.08649766868237,3.0,847.0,75.0,39.0,335.0,34.0,498.0,798.0,4.567293458646371,76.26746812838276,77.60172040842079,47.0,1163.0,171.0,44.39472266894331,1741.0,29.0,10.0,5.120367569847893,4.061094544692148
147,2025-10-27,10.0,NHS South East London ICB,2026.04.8,35.0,83.08516630770028,1.0,818.0,52.0,45.0,383.0,24.0,522.0,834.0,4.021694476614707,72.96893631213054,76.2255581659261,37.0,1153.0,235.0,45.7426312733865,1814.0,30.0,16.0,5.0168753711269485,3.758636251762507
148,2025-11-03,11.0,NHS South East London ICB,2026.04.8,27.0,82.47111190645782,3.0,839.0,70.0,43.0,342.0,33.0,537.0,873.0,3.9484032666606974,61.39490218528803,77.6755578324707,44.0,1138.0,190.0,41.28523938098154,1876.0,18.0,18.0,5.292460285400018,3.483009812818984
149,2025-11-10,11.0,NHS South East London ICB,2026.04.8,34.0,83.7186989520944,3.0,863.0,46.0,53.0,376.0,,546.0,888.0,3.5688744423046828,74.06251140134397,79.83036502163222,39.0,1138.0,203.0,40.40223975792053,1776.0,45.0,12.0,4.924917562612672,4.043151872109549
150,2025-11-17,11.0,NHS South East London ICB,2026.04.8,20.0,84.42851384593703,1.0,826.0,65.0,37.0,359.0,23.0,487.0,837.0,4.112457638154257,71.0463617373249,71.16401562334026,31.0,1199.0,181.0,41.86257111540608,1872.0,31.0,15.0,5.06305089881758,3.542915285525932
151,2025-11-24,11.0,NHS South East London ICB,2026.04.8,24.0,84.3702637425159,1.0,808.0,74.0,62.0,286.0,26.0,479.0,730.0,5.395814830628056,67.4806898128803,80.17959306174393,39.0,1255.0,202.0,38.16026781819749,1940.0,22.0,15.0,5.463090936426843,3.349468842051055
152,2025-12-01,12.0,NHS South East London ICB,2026.04.8,43.0,84.2057388123492,1.0,859.0,78.0,51.0,393.0,11.0,548.0,949.0,4.783667903963592,72.84676531422289,77.76204338349822,46.0,1220.0,222.0,45.49068755284757,1687.0,41.0,23.0,5.177366245639979,4.071867082043799
153,2025-12-08,12.0,NHS South East London ICB,2026.04.8,37.0,88.63326087959787,7.0,879.0,75.0,47.0,336.0,13.0,516.0,810.0,5.306369920811107,71.45048437775154,79.998421903059,30.0,1274.0,218.0,42.15391439402921,1921.0,26.0,11.0,5.581616266453597,3.5862542276986566
154,2025-12-15,12.0,NHS South East London ICB,2026.04.8,29.0,86.74584313756415,3.0,838.0,88.0,54.0,339.0,15.0,576.0,908.0,6.4894368648687335,79.43283339198558,76.53612809331653,35.0,1247.0,252.0,43.916184926168505,1835.0,43.0,16.0,5.018276082333513,4.081238745799081
155,2025-12-22,12.0,NHS South East London ICB,2026.04.8,40.0,84.5652668068492,2.0,831.0,116.0,49.0,348.0,33.0,490.0,774.0,5.151931261252372,76.27793655722948,78.24812462498646,39.0,1296.0,215.0,39.612553823900456,1852.0,30.0,22.0,4.754098253095095,4.420555924875981
10,2023-03-13,3.0,NHS North East and North Cumbria ICB,2026.04.8,78.0,90.8053015949076,8.0,896.0,89.0,41.0,303.0,39.0,596.0,900.0,5.275396451033779,78.86904615460337,79.41326297722652,59.0,1284.0,227.0,39.71179940493992,1922.0,42.0,20.0,6.065743924025933,3.966142669969434
11,2023-03-20,3.0,NHS North East and North Cumbria ICB,2026.04.8,57.0,91.49317496720556,2.0,1030.0,117.0,44.0,370.0,38.0,552.0,891.0,5.375843545643936,82.2049126438061,88.483073395723,57.0,1294.0,256.0,,1823.0,56.0,14.0,4.801139720391051,4.814609918591518
12,2023-03-27,3.0,NHS North East and North Cumbria ICB,2026.04.8,58.0,91.75030094842604,5.0,927.0,100.0,54.0,388.0,39.0,597.0,981.0,5.811152583904857,76.42652478778409,78.78935477289724,55.0,1230.0,248.0,40.64877894941665,1722.0,46.0,11.0,5.217615102449203,5.080095842138633
13,2023-04-03,4.0,NHS North East and North Cumbria ICB,2026.04.8,,88.95514162664271,7.0,938.0,86.0,47.0,406.0,49.0,598.0,1010.0,6.00809352823274,72.84584491391931,77.6704987013821,52.0,1275.0,227.0,38.67679475284213,1819.0,22.0,14.0,5.356541676650704,4.130836046328386
14,2023-04-10,4.0,NHS North East and North Cumbria ICB,2026.04.8,68.0,89.5789526178214,3.0,925.0,104.0,50.0,349.0,45.0,558.0,887.0,5.847336335404196,78.51019061410106,84.70233621057098,43.0,1256.0,242.0,43.239952752740265,1873.0,42.0,14.0,5.200424614189782,4.757954358053615
15,2023-04-17,4.0,NHS North East and North Cumbria ICB,2026.04.8,79.0,90.20690377598048,3.0,909.0,61.0,54.0,393.0,,569.0,953.0,5.601855668963555,78.30638123491593,85.00396538034667,45.0,1312.0,252.0,40.39977039780853,1904.0,48.0,23.0,5.456757425442987,4.7825565640743655
16,2023-04-24,4.0,NHS North East and North Cumbria ICB,2026.04.8,61.0,92.087539148429,5.0,847.0,120.0,68.0,296.0,30.0,606.0,913.0,5.403701273558737,76.40126663422957,81.83658566233846,29.0,1219.0,241.0,40.30781790480973,2068.0,33.0,27.0,5.585071173394905,3.9914447425647377
17,2023-05-01,5.0,NHS North East and North Cumbria ICB,2026.04.8,76.0,89.5833174377612,6.0,891.0,68.0,56.0,381.0,54.0,603.0,967.0,6.525988878801236,84.06736560255497,81.20051754885354,70.0,1374.0,246.0,35.318561912777035,1980.0,32.0,24.0,5.521260990062609,4.807836222065244
18,2023-05-08,5.0,NHS North East and North Cumbria ICB,2026.04.8,32.0,85.5057670943039,6.0,900.0,82.0,59.0,392.0,39.0,613.0,983.0,5.404576650593599,69.21644966581742,84.52267490311709,67.0,1329.0,227.0,42.337422842819706,2038.0,33.0,11.0,5.809187588287651,3.7755712440030966
19,2023-05-15,5.0,NHS North East and North Cumbria ICB,2026.04.8,37.0,92.2951424705563,4.0,846.0,98.0,56.0,410.0,35.0,583.0,994.0,5.171891909849472,75.10749377425137,75.45081134450915,43.0,1284.0,241.0,39.67401078817892,1957.0,39.0,25.0,5.527328950229291,4.513276866471593
20,2023-05-22,5.0,NHS North East and North Cumbria ICB,2026.04.8,57.0,84.64338341307607,4.0,904.0,80.0,51.0,355.0,35.0,600.0,945.0,5.677125550757066,75.33277054777287,76.69438263142172,32.0,1172.0,266.0,42.35101294571102,1871.0,35.0,18.0,5.067129149595541,3.834294059058197
21,2023-05-29,5.0,NHS North East and North Cumbria ICB,2026.04.8,62.0,83.96341774680518,3.0,907.0,91.0,60.0,335.0,31.0,577.0,944.0,4.782272559231384,72.14563309539058,74.69882292952069,44.0,1273.0,225.0,37.148689331083645,1995.0,26.0,15.0,5.439126092104885,3.839770686768936
22,2023-06-05,6.0,NHS North East and North Cumbria ICB,2026.04.8,41.0,87.41099714531597,3.0,912.0,101.0,46.0,421.0,28.0,569.0,967.0,6.039991394320544,75.81972052163067,87.01070213347253,71.0,1309.0,219.0,41.49954321931069,1982.0,35.0,11.0,5.153932996851797,4.502851115587235
23,2023-06-12,6.0,NHS North East and North Cumbria ICB,2026.04.8,66.0,91.22381794983428,5.0,872.0,128.0,53.0,391.0,50.0,582.0,963.0,6.363212323360924,74.6365634899386,80.24715625692619,59.0,1225.0,207.0,39.942919504765705,1942.0,48.0,11.0,5.727544375598339,3.574615502354868
24,2023-06-19,6.0,NHS North East and North Cumbria ICB,2026.04.8,50.0,84.79602842401233,3.0,824.0,86.0,62.0,386.0,19.0,577.0,932.0,6.230191801864644,79.53074625388363,82.80672866444188,52.0,1276.0,249.0,35.66857615764505,1974.0,25.0,15.0,5.484907094341595,3.3287203999258725
25,2023-06-26,6.0,NHS North East and North Cumbria ICB,2026.04.8,52.0,86.49375885389719,7.0,900.0,75.0,46.0,351.0,43.0,519.0,860.0,5.442933731348933,66.62682720889052,84.52269422796226,39.0,1188.0,194.0,40.11449017230592,1813.0,33.0,8.0,5.339212514988892,4.697672962486273
26,2023-07-03,7.0,NHS North East and North Cumbria ICB,2026.04.8,28.0,93.0628863697554,3.0,851.0,76.0,47.0,406.0,47.0,629.0,1006.0,5.894198275248859,76.20686594166682,82.55960030861335,42.0,1198.0,178.0,40.4294206300814,1873.0,5.0,21.0,5.259798782894386,3.631270187128085
27,2023-07-10,7.0,NHS North East and North Cumbria ICB,2026.04.8,20.0,88.98632007133709,3.0,890.0,94.0,57.0,314.0,27.0,499.0,791.0,4.528477436746208,74.3047451041501,77.29076550598148,44.0,1223.0,220.0,40.71729433747616,1787.0,27.0,21.0,5.558396969466506,4.039518654979283
28,2023-07-17,7.0,NHS North East and North Cumbria ICB,2026.04.8,,86.52036676643783,2.0,857.0,87.0,41.0,349.0,30.0,530.0,871.0,5.961473697333369,68.7255308509647,78.14750069229093,55.0,1342.0,269.0,42.09710787403392,1822.0,35.0,23.0,5.076363621442937,3.468083453335
29,2023-07-24,7.0,NHS North East and North Cumbria ICB,2026.04.8,19.0,82.28187144249908,5.0,839.0,112.0,47.0,427.0,46.0,539.0,940.0,6.3132404674993445,75.15748295020026,78.09046272278049,26.0,1256.0,218.0,37.60902945433816,1913.0,29.0,16.0,5.728885382202533,3.896740871444462
30,2023-07-31,7.0,NHS North East and North Cumbria ICB,2026.04.8,48.0,85.08103521085405,6.0,828.0,86.0,54.0,395.0,32.0,547.0,969.0,6.07054325914956,72.81969923185,77.80860181752968,64.0,1189.0,194.0,39.27501523974465,1741.0,38.0,19.0,5.52868450170373,3.765204222877713
31,2023-08-07,8.0,NHS North East and North Cumbria ICB,2026.04.8,42.0,86.18947478086046,3.0,842.0,91.0,49.0,392.0,43.0,601.0,959.0,5.877323435013191,72.7567530165199,78.73399368709256,58.0,1371.0,259.0,39.63253720710233,1951.0,35.0,19.0,5.427761599906334,4.495178031119621
32,2023-08-14,8.0,NHS North East and North Cumbria ICB,2026.04.8,50.0,91.41812200659162,3.0,900.0,141.0,69.0,346.0,36.0,590.0,901.0,5.393812739758778,75.4745621583614,80.61213321231469,43.0,1209.0,225.0,36.61093437602899,1906.0,43.0,22.0,5.607429829945988,3.981644503275402
33,2023-08-21,8.0,NHS North East and North Cumbria ICB,2026.04.8,49.0,86.76921994199662,5.0,869.0,118.0,67.0,358.0,32.0,589.0,870.0,6.253235572249321,75.3981290821146,84.43089676531582,21.0,1246.0,230.0,38.05951474569787,1829.0,37.0,27.0,5.9611989532064,4.010191911497788
34,2023-08-28,8.0,NHS North East and North Cumbria ICB,2026.04.8,55.0,91.0368141915541,6.0,922.0,124.0,59.0,401.0,40.0,588.0,972.0,6.345665434622518,80.60362312080996,87.15388628017244,71.0,1234.0,207.0,41.55320884404674,1706.0,41.0,17.0,5.386845058574422,4.262745452465961
35,2023-09-04,9.0,NHS North East and North Cumbria ICB,2026.04.8,64.0,91.58910449774024,2.0,895.0,103.0,48.0,358.0,43.0,611.0,947.0,5.507367479195285,75.9172776519495,78.93138019024722,63.0,1229.0,234.0,43.57543316120351,1909.0,35.0,18.0,5.949611226183498,3.558870088706492
36,2023-09-11,9.0,NHS North East and North Cumbria ICB,2026.04.8,,85.23388384626499,6.0,880.0,92.0,45.0,345.0,55.0,582.0,883.0,4.515177164453272,74.09573986404182,82.31185097783326,35.0,1277.0,255.0,42.61145736974069,1946.0,41.0,16.0,5.902771411621868,3.759608966239844
37,2023-09-18,9.0,NHS North East and North Cumbria ICB,2026.04.8,47.0,89.06828862615346,3.0,860.0,118.0,39.0,342.0,50.0,554.0,875.0,6.643105864760535,80.17243830327101,78.35870870074808,52.0,1252.0,236.0,38.87927318466601,1797.0,38.0,13.0,6.142028894869346,3.837357017794507
38,2023-09-25,9.0,NHS North East and North Cumbria ICB,2026.04.8,48.0,87.97409474570419,5.0,868.0,60.0,42.0,335.0,44.0,540.0,856.0,6.871327829455075,75.33063672536291,83.41505525451917,45.0,1344.0,249.0,38.08187156867291,1929.0,41.0,21.0,5.584929667564946,3.8885107253587696
39,2023-10-02,10.0,NHS North East and North Cumbria ICB,2026.04.8,41.0,86.52285556229266,2.0,882.0,109.0,47.0,401.0,31.0,509.0,901.0,6.79117081792448,75.8196282323807,77.42790125548672,48.0,1191.0,262.0,40.60716960455598,1860.0,39.0,10.0,5.153819992805826,3.917170033707949
40,2023-10-09,10.0,NHS North East and North Cumbria ICB,2026.04.8,53.0,88.43690257796816,7.0,945.0,82.0,41.0,275.0,32.0,585.0,834.0,5.58418925344067,74.06314475056172,74.28097604654562,45.0,1179.0,194.0,38.675221797154606,1818.0,42.0,17.0,5.241706867870068,3.9541213073447175
41,2023-10-16,10.0,NHS North East and North Cumbria ICB,2026.04.8,30.0,89.8102614931872,4.0,907.0,86.0,70.0,411.0,35.0,521.0,943.0,5.715050069791215,78.01018481203963,77.81106758419129,54.0,1230.0,216.0,39.76806809180833,1982.0,31.0,15.0,4.827142358397914,3.77941913541513
42,2023-10-23,10.0,NHS North East and North Cumbria ICB,2026.04.8,51.0,91.21800713126494,5.0,960.0,62.0,53.0,382.0,27.0,554.0,923.0,4.676018496823243,71.0158873134139,82.88558438934689,43.0,1277.0,195.0,38.00093547417257,1917.0,20.0,25.0,5.174838752443853,4.383962499303011
43,2023-10-30,10.0,NHS North East and North Cumbria ICB,2026.04.8,39.0,87.59759256385469,3.0,851.0,119.0,52.0,383.0,34.0,528.0,897.0,5.503634736262162,78.33947711320377,75.64168007431438,46.0,1206.0,250.0,37.54302864622468,1806.0,34.0,11.0,5.632916421768243,3.611580606419727
44,2023-11-06,11.0,NHS North East and North Cumbria ICB,2026.04.8,57.0,82.50754045517975,4.0,936.0,105.0,64.0,345.0,37.0,578.0,918.0,6.421040351729737,78.15955605321625,83.8856975911979,54.0,1190.0,224.0,40.18631389619899,1942.0,26.0,24.0,4.7547691146304025,4.711064462268583
45,2023-11-13,11.0,NHS North East and North Cumbria ICB,2026.04.8,53.0,86.50728976436505,4.0,809.0,108.0,64.0,333.0,35.0,602.0,927.0,6.094747978737804,73.50522793069467,83.28398579778165,44.0,1247.0,221.0,41.39853414986084,1784.0,30.0,24.0,4.862627878677702,4.153413393896506
46,2023-11-20,11.0,NHS North East and North Cumbria ICB,2026.04.8,57.0,87.367163779926,5.0,899.0,123.0,48.0,387.0,14.0,569.0,929.0,7.495877254234699,71.42897869221986,81.80372724860923,55.0,1274.0,218.0,41.20624091232391,2034.0,53.0,20.0,5.863898892987287,4.45276391782946
47,2023-11-27,11.0,NHS North East and North Cumbria ICB,2026.04.8,,85.2940067795782,4.0,949.0,123.0,53.0,397.0,22.0,507.0,889.0,6.318094426260893,74.88307541367567,81.2791146753959,70.0,1369.0,262.0,39.13076491498124,1995.0,31.0,25.0,5.807058341575937,4.35357942913536
48,2023-12-04,12.0,NHS North East and North Cumbria ICB,2026.04.8,52.0,92.624586563353,6.0,827.0,112.0,59.0,372.0,43.0,545.0,877.0,6.102555856191652,81.33272192908534,80.49536781022992,66.0,1244.0,294.0,33.69227731083966,2090.0,38.0,19.0,5.3333182061513735,3.888666220868046
49,2023-12-11,12.0,NHS North East and North Cumbria ICB,2026.04.8,96.0,92.98095616436484,4.0,867.0,86.0,43.0,376.0,47.0,627.0,990.0,6.060826725254132,78.51570278358467,80.9229278446294,53.0,1256.0,238.0,37.72763850084306,1823.0,11.0,14.0,5.388351823424355,4.774297170206092
50,2023-12-18,12.0,NHS North East and North Cumbria ICB,2026.04.8,49.0,93.50289711468524,5.0,844.0,121.0,62.0,412.0,41.0,625.0,1039.0,6.591762416442728,75.85344096938017,80.93922318061306,70.0,1254.0,237.0,40.18220429729176,1925.0,42.0,19.0,5.075010663220359,3.8943378956887416
51,2023-12-25,12.0,NHS North East and North Cumbria ICB,2026.04.8,56.0,88.69045901218274,3.0,849.0,83.0,62.0,375.0,62.0,543.0,931.0,5.80841004526438,73.24577562401929,84.55992295982577,64.0,1300.0,234.0,38.59240813255244,2023.0,44.0,18.0,6.046826531957594,5.002835099634127
52,2024-01-01,1.0,NHS North East and North Cumbria ICB,2026.04.8,54.0,90.397481869464,4.0,913.0,116.0,50.0,365.0,49.0,567.0,973.0,7.748586650120907,78.24972224136528,82.1729731732096,63.0,1283.0,274.0,39.57446030511349,1959.0,50.0,19.0,5.894326912975422,5.368473665935322
53,2024-01-08,1.0,NHS North East and North Cumbria ICB,2026.04.8,86.0,92.07409227072812,0.0,918.0,107.0,48.0,373.0,43.0,577.0,938.0,5.98467344991166,77.68922132895062,78.8455471617698,46.0,1273.0,231.0,35.44895372272387,2048.0,16.0,22.0,4.999932752372016,4.327397826015315
54,2024-01-15,1.0,NHS North East and North Cumbria ICB,2026.04.8,64.0,88.33927884722992,5.0,849.0,68.0,53.0,336.0,33.0,537.0,856.0,6.545964769737489,72.22611842902552,81.5579720702209,53.0,1490.0,247.0,40.24978167088696,1809.0,49.0,16.0,5.178462589826161,4.348208018792746
55,2024-01-22,1.0,NHS North East and North Cumbria ICB,2026.04.8,44.0,89.80169425422284,3.0,836.0,106.0,52.0,352.0,45.0,540.0,920.0,6.516899135062139,79.0847602823602,77.57829323345874,41.0,1284.0,218.0,39.327724015468725,1789.0,39.0,16.0,5.307585919542188,4.446073642510118
56,2024-01-29,1.0,NHS North East and North Cumbria ICB,2026.04.8,55.0,97.33466710133314,8.0,873.0,83.0,56.0,417.0,18.0,500.0,853.0,5.699836711063375,74.4565197659827,82.39981624528528,54.0,1263.0,264.0,36.02201603197929,1944.0,30.0,22.0,5.84019349975414,4.397158646009443
57,2024-02-05,2.0,NHS North East and North Cumbria ICB,2026.04.8,37.0,89.343850703988,4.0,820.0,104.0,42.0,364.0,36.0,581.0,901.0,5.12549943478728,71.02511972969405,82.30136317275253,39.0,1204.0,266.0,43.85484219148203,1757.0,52.0,15.0,5.019851070770993,4.371700344486739
58,2024-02-12,2.0,NHS North East and North Cumbria ICB,2026.04.8,85.0,91.68227511879788,2.0,884.0,85.0,50.0,368.0,39.0,571.0,908.0,4.892270334761146,77.96717090591628,81.51799015361787,67.0,1293.0,221.0,41.04645423107392,1834.0,19.0,24.0,5.357193817997079,4.589910629964875
59,2024-02-19,2.0,NHS North East and North Cumbria ICB,2026.04.8,53.0,85.9091578313915,3.0,815.0,105.0,47.0,365.0,48.0,503.0,832.0,5.368909825552381,73.1889671754885,78.74029269802647,45.0,1247.0,229.0,39.48717100201635,1841.0,40.0,20.0,5.091469028739816,4.433797934215851
60,2024-02-26,2.0,NHS North East and North Cumbria ICB,2026.04.8,57.0,87.04300546070549,5.0,792.0,76.0,50.0,354.0,19.0,531.0,851.0,4.909833805164667,86.18479637504986,78.59132512322002,36.0,1200.0,221.0,38.9274961015306,2013.0,34.0,17.0,5.1148251014152,4.353906534818234
61,2024-03-04,3.0,NHS North East and North Cumbria ICB,2026.04.8,49.0,85.87462122595136,2.0,856.0,68.0,50.0,391.0,21.0,564.0,929.0,5.578759087228358,80.55830610628142,80.90885029950132,46.0,1175.0,264.0,39.153926616703785,1762.0,28.0,16.0,5.566111525352063,3.549919517959522
62,2024-03-11,3.0,NHS North East and North Cumbria ICB,2026.04.8,66.0,83.22500494384278,2.0,878.0,81.0,44.0,370.0,33.0,504.0,849.0,4.168337698327661,77.12049186043238,78.71934178369459,43.0,1255.0,203.0,38.21920070366958,1721.0,42.0,9.0,5.819706942839169,4.677903988656546
63,2024-03-18,3.0,NHS North East and North Cumbria ICB,2026.04.8,32.0,78.2844019666039,3.0,811.0,56.0,42.0,357.0,18.0,554.0,879.0,4.766231156096774,72.29252351628142,74.32475421311986,32.0,1198.0,200.0,43.50342564496564,1830.0,41.0,20.0,5.483524824728663,3.986403580781257
64,2024-03-25,3.0,NHS North East and North Cumbria ICB,2026.04.8,35.0,82.7358517295771,4.0,742.0,66.0,42.0,333.0,22.0,529.0,882.0,5.166529941870995,79.0176106040772,81.07766552743162,36.0,1306.0,262.0,39.3706540138588,1827.0,22.0,13.0,5.173954031343252,3.74543570683833
65,2024-04-01,4.0,NHS North East and North Cumbria ICB,2026.04.8,22.0,86.33824949335704,1.0,796.0,58.0,27.0,338.0,15.0,502.0,826.0,4.7769067564945,65.9890558870257,72.01404122267301,38.0,1182.0,201.0,41.555896688577256,1691.0,11.0,12.0,5.229596437552985,3.991487442510066
66,2024-04-08,4.0,NHS North East and North Cumbria ICB,2026.04.8,49.0,89.7198994896103,2.0,840.0,90.0,31.0,379.0,56.0,469.0,809.0,4.659963383088678,73.99531066779392,81.13012955531151,56.0,1184.0,179.0,38.08762969519095,1880.0,22.0,15.0,5.7381543377437305,4.194144128908067
67,2024-04-15,4.0,NHS North East and North Cumbria ICB,2026.04.8,43.0,84.52686375463517,2.0,783.0,83.0,43.0,353.0,36.0,505.0,824.0,4.697154033916664,68.37730201381643,79.13041525023188,27.0,1297.0,230.0,41.78964464475548,1786.0,26.0,17.0,5.289541762412183,4.0163680847190335
68,2024-04-22,4.0,NHS North East and North Cumbria ICB,2026.04.8,45.0,90.80903342486344,2.0,775.0,63.0,49.0,334.0,34.0,510.0,855.0,5.344682592272799,72.16588695166902,83.16321250823712,38.0,1281.0,196.0,42.993639598777,1772.0,25.0,16.0,5.631293595513522,4.137872278198885
69,2024-04-29,4.0,NHS North East and North Cumbria ICB,2026.04.8,50.0,87.90663970060245,3.0,855.0,102.0,51.0,375.0,42.0,478.0,789.0,4.700396561291372,74.60277644359705,81.67816276540202,54.0,1396.0,217.0,41.42450324933424,1841.0,44.0,17.0,5.525108512694918,4.253129012244822
70,2024-05-06,5.0,NHS North East and North Cumbria ICB,2026.04.8,53.0,86.9940818399929,4.0,843.0,82.0,49.0,351.0,33.0,572.0,897.0,4.258541058620277,77.50172730077807,84.24713726158149,51.0,1236.0,216.0,41.606379948464586,1869.0,38.0,23.0,5.352112356358683,3.9303110624454463
71,2024-05-13,5.0,NHS North East and North Cumbria ICB,2026.04.8,46.0,86.72305672008329,3.0,793.0,109.0,49.0,425.0,22.0,540.0,938.0,4.843070752992712,77.91602865552821,86.13487450040918,43.0,1258.0,274.0,41.40031526188428,1924.0,44.0,12.0,5.016211844801711,4.192512363026325
72,2024-05-20,5.0,NHS North East and North Cumbria ICB,2026.04.8,22.0,84.20366619153369,5.0,901.0,90.0,40.0,394.0,34.0,498.0,865.0,5.6677795832861575,74.70826981604367,76.73673889060292,39.0,1315.0,220.0,44.09825321461584,1760.0,34.0,18.0,5.121278203267655,3.9404138455609385
73,2024-05-27,5.0,NHS North East and North Cumbria ICB,2026.04.8,34.0,87.18644249173977,4.0,794.0,97.0,44.0,335.0,41.0,601.0,939.0,5.422008682268297,76.15669331191218,81.64412065496022,40.0,1238.0,284.0,43.73907280100537,1936.0,34.0,16.0,5.063889557718199,3.921335925630746
74,2024-06-03,6.0,NHS North East and North Cumbria ICB,2026.04.8,49.0,88.50279341058855,2.0,803.0,71.0,50.0,316.0,13.0,560.0,854.0,5.666170416410132,70.63036702371251,80.1697596437776,42.0,1189.0,242.0,37.28005893747879,1819.0,40.0,15.0,5.578050360311597,3.735378753205333
75,2024-06-10,6.0,NHS North East and North Cumbria ICB,2026.04.8,55.0,89.3322331698035,3.0,916.0,75.0,55.0,338.0,48.0,584.0,839.0,5.1899648006119685,78.65495936320535,79.59230857971946,31.0,1364.0,247.0,,1837.0,31.0,8.0,6.027283535888274,4.259344827105129
76,2024-06-17,6.0,NHS North East and North Cumbria ICB,2026.04.8,28.0,89.22517537289734,1.0,846.0,86.0,34.0,356.0,17.0,567.0,974.0,5.083883158267096,78.50814917894637,81.63839834113148,58.0,1316.0,224.0,40.64880501861419,1943.0,45.0,27.0,5.683486136455213,3.731752222648846
77,2024-06-24,6.0,NHS North East and North Cumbria ICB,2026.04.8,62.0,84.87311396744082,4.0,883.0,75.0,51.0,419.0,45.0,562.0,993.0,7.180467772378206,82.4166814396911,78.92306799579706,41.0,1323.0,231.0,37.90052329738356,1994.0,52.0,21.0,6.02592409226388,4.330821208534916
78,2024-07-01,7.0,NHS North East and North Cumbria ICB,2026.04.8,45.0,91.85343449934916,4.0,919.0,103.0,53.0,297.0,30.0,508.0,770.0,6.314346539261696,77.44968183184292,79.61584125530405,48.0,1216.0,250.0,41.50548491412903,1975.0,42.0,15.0,5.115778841373819,4.023531097126185
79,2024-07-08,7.0,NHS North East and North Cumbria ICB,2026.04.8,48.0,88.62927908400721,3.0,792.0,92.0,54.0,312.0,46.0,571.0,859.0,5.946402714255036,73.50050906840639,80.34903388293509,55.0,1287.0,243.0,37.35823940652617,1764.0,36.0,11.0,5.459012232842103,3.584322054393656
80,2024-07-15,7.0,NHS North East and North Cumbria ICB,2026.04.8,66.0,85.97072951648911,3.0,846.0,81.0,52.0,370.0,31.0,564.0,939.0,5.920155416605195,75.03953966393485,76.43301048213837,52.0,1334.0,207.0,39.45774304763672,1812.0,22.0,17.0,5.555617040762771,4.483194697607312
81,2024-07-22,7.0,NHS North East and North Cumbria ICB,2026.04.8,51.0,89.83543306782818,3.0,922.0,103.0,50.0,361.0,37.0,509.0,832.0,7.136911239431388,77.49723499671038,74.93627307496224,68.0,1195.0,235.0,39.310981969859256,1891.0,37.0,20.0,5.343379191463664,3.894752325714707
82,2024-07-29,7.0,NHS North East and North Cumbria ICB,2026.04.8,46.0,88.79774485428493,3.0,910.0,105.0,48.0,413.0,16.0,604.0,1000.0,6.259037805368981,77.73027767350281,84.2900574858683,48.0,1222.0,228.0,39.23993303331823,1833.0,38.0,17.0,5.709927408999286,4.034346170219216
83,2024-08-05,8.0,NHS North East and North Cumbria ICB,2026.04.8,46.0,92.92821368303213,4.0,903.0,98.0,60.0,414.0,34.0,546.0,951.0,5.1562527808755405,76.81157947479201,79.13225763474549,57.0,1329.0,253.0,41.13166520158911,1974.0,35.0,13.0,5.4319039456804985,4.003304310841959
84,2024-08-12,8.0,NHS North East and North Cumbria ICB,2026.04.8,70.0,87.94191887758205,3.0,875.0,117.0,36.0,341.0,42.0,546.0,849.0,4.468714177068276,72.73551376414841,80.21036073574209,48.0,1260.0,181.0,38.86410249093432,2000.0,47.0,15.0,5.379937970275535,3.00104156564085
85,2024-08-19,8.0,NHS North East and North Cumbria ICB,2026.04.8,18.0,86.17335294232674,6.0,902.0,55.0,51.0,367.0,51.0,495.0,826.0,6.858074280622709,67.63936307187298,81.90912465023668,38.0,1135.0,208.0,41.90321576759291,1933.0,33.0,16.0,5.012608945868692,3.399543021971854
86,2024-08-26,8.0,NHS North East and North Cumbria ICB,2026.04.8,35.0,87.8142289242476,4.0,898.0,78.0,52.0,360.0,34.0,605.0,964.0,6.245808519320792,72.90651261505542,78.35933870765925,47.0,1224.0,261.0,35.84495236272684,2052.0,31.0,21.0,5.534882646283512,3.16001511183578
87,2024-09-02,9.0,NHS North East and North Cumbria ICB,2026.04.8,55.0,88.44470531263424,4.0,906.0,109.0,50.0,364.0,,575.0,891.0,5.762313465665748,72.9803373857668,80.06471325635003,51.0,1271.0,212.0,,1998.0,32.0,19.0,5.534352189026529,4.338510946937565
88,2024-09-09,9.0,NHS North East and North Cumbria ICB,2026.04.8,31.0,88.24976817099237,5.0,853.0,56.0,53.0,397.0,60.0,584.0,962.0,5.508695963440055,80.62190485794748,79.03974835077074,28.0,1284.0,233.0,39.03789808526441,1861.0,36.0,21.0,6.2184769657055305,3.648208752012509
89,2024-09-16,9.0,NHS North East and North Cumbria ICB,2026.04.8,34.0,83.29849740615795,3.0,949.0,79.0,59.0,324.0,39.0,555.0,870.0,5.286679116745557,74.43897355261062,77.91949067457618,51.0,1258.0,224.0,40.25398912112765,1903.0,29.0,15.0,5.247799205052165,4.238846675989285
90,2024-09-23,9.0,NHS North East and North Cumbria ICB,2026.04.8,44.0,89.29568241725943,3.0,820.0,70.0,60.0,335.0,29.0,529.0,839.0,6.200922698015152,79.75246729483953,81.91194897549715,32.0,1256.0,220.0,40.89623641880652,1835.0,43.0,18.0,5.204693166216373,4.2585487270401785
91,2024-09-30,9.0,NHS North East and North Cumbria ICB,2026.04.8,33.0,87.51921707507358,3.0,889.0,89.0,38.0,350.0,55.0,588.0,879.0,5.17320783287118,69.83218123858687,81.0097275880828,55.0,1296.0,244.0,38.64432226098747,1914.0,31.0,20.0,5.068331049559392,3.782924547728484
92,2024-10-07,10.0,NHS North East and North Cumbria ICB,2026.04.8,37.0,87.73596830713709,1.0,887.0,97.0,48.0,315.0,50.0,581.0,868.0,5.368680500919652,84.1885228801414,82.735345608318,43.0,1289.0,245.0,38.02027203301217,2011.0,41.0,21.0,5.474390149784657,3.531912286185703
93,2024-10-14,10.0,NHS North East and North Cumbria ICB,2026.04.8,41.0,85.59495087874677,2.0,818.0,58.0,54.0,392.0,48.0,538.0,899.0,4.695088109215902,72.89801054209815,80.22166519414546,43.0,1241.0,215.0,42.65223019303224,2050.0,36.0,28.0,6.04927405605286,3.7218946601551184
94,2024-10-21,10.0,NHS North East and North Cumbria ICB,2026.04.8,52.0,89.57222461372487,3.0,952.0,121.0,52.0,419.0,30.0,533.0,918.0,5.853455164302594,80.41325573366724,84.88160265510624,51.0,1296.0,252.0,37.94378457230714,1962.0,39.0,19.0,5.713045728320877,4.742962732713648
95,2024-10-28,10.0,NHS North East and North Cumbria ICB,2026.04.8,78.0,90.12814709735748,6.0,933.0,104.0,63.0,369.0,26.0,602.0,955.0,6.393054090989652,78.66264475812302,78.81791761176774,73.0,1197.0,252.0,35.558935776568184,2061.0,29.0,19.0,5.338308843135043,4.589917347368945
96,2024-11-04,11.0,NHS North East and North Cumbria ICB,2026.04.8,78.0,88.06311395485298,3.0,855.0,79.0,66.0,400.0,55.0,582.0,964.0,6.70010305740574,81.4777845192467,81.78874169016707,41.0,1284.0,221.0,39.95072911968924,1877.0,60.0,20.0,5.663955977848664,5.147587648593612
97,2024-11-11,11.0,NHS North East and North Cumbria ICB,2026.04.8,52.0,91.28837423138808,4.0,930.0,109.0,74.0,365.0,31.0,583.0,938.0,7.095994616578819,81.81728338263551,86.26865281812353,44.0,1204.0,249.0,39.83310744141124,1855.0,33.0,21.0,5.710284171148337,3.9938182604546726
98,2024-11-18,11.0,NHS North East and North Cumbria ICB,2026.04.8,76.0,91.0359857475781,9.0,887.0,92.0,62.0,405.0,38.0,562.0,991.0,6.111764605964564,84.26805440327244,78.98318882241514,52.0,1332.0,197.0,41.410940999873056,1936.0,19.0,18.0,5.336823191150265,4.640740640250911
99,2024-11-25,11.0,NHS North East and North Cumbria ICB,2026.04.8,79.0,90.46322589290048,4.0,847.0,113.0,67.0,429.0,46.0,621.0,1001.0,6.663099236325244,71.60499809500537,82.52833429123385,47.0,1320.0,259.0,39.17479161617495,2020.0,47.0,25.0,5.526981775215917,4.546134337443062
100,2024-12-02,12.0,NHS North East and North Cumbria ICB,2026.04.8,134.0,93.78993237916151,3.0,961.0,134.0,63.0,379.0,64.0,568.0,916.0,6.330587814987477,81.39463010031504,83.90648758913082,64.0,1368.0,261.0,39.184271079893726,1824.0,39.0,14.0,4.986744646860779,4.897570698564496
101,2024-12-09,12.0,NHS North East and North Cumbria ICB,2026.04.8,78.0,95.75464373279752,5.0,950.0,100.0,51.0,348.0,42.0,596.0,947.0,7.795896392272868,77.78012505963768,81.69552023877922,48.0,1360.0,275.0,38.691197828785896,1932.0,49.0,17.0,5.4420383060099295,4.485163143406762
102,2024-12-16,12.0,NHS North East and North Cumbria ICB,2026.04.8,122.0,94.95622689682035,6.0,929.0,112.0,61.0,328.0,48.0,514.0,810.0,6.695220024094139,80.21615329277914,81.67530943533176,57.0,1373.0,219.0,41.36197112635657,2055.0,46.0,24.0,5.336220065454973,4.691510859602577
103,2024-12-23,12.0,NHS North East and North Cumbria ICB,2026.04.8,71.0,86.04372466092396,8.0,937.0,121.0,53.0,365.0,37.0,612.0,996.0,6.949546673762251,74.2502036845337,80.00808498323605,38.0,1371.0,255.0,37.49585994970887,1917.0,35.0,19.0,5.673361814796057,5.033768078292193
104,2024-12-30,12.0,NHS North East and North Cumbria ICB,2026.04.8,69.0,92.14418920484565,1.0,877.0,109.0,42.0,427.0,32.0,510.0,860.0,5.257493222068657,79.86232126906933,79.56107874983907,55.0,1276.0,242.0,43.3902833570493,1961.0,41.0,11.0,5.052461735172242,4.8310362323157365
105,2025-01-06,1.0,NHS North East and North Cumbria ICB,2026.04.8,62.0,91.3035557423618,5.0,943.0,119.0,66.0,402.0,53.0,564.0,971.0,6.398357812739824,72.47134531843719,83.71291186111252,64.0,1255.0,254.0,37.5714636808231,1789.0,28.0,20.0,5.583903085168881,4.38927220008502
106,2025-01-13,1.0,NHS North East and North Cumbria ICB,2026.04.8,83.0,95.88197366273488,5.0,947.0,83.0,55.0,371.0,56.0,658.0,1010.0,6.668197166534,81.14918867137156,83.91025440840434,45.0,1184.0,228.0,41.13073662665321,1925.0,47.0,25.0,5.815778180170059,4.58318598738064
107,2025-01-20,1.0,NHS North East and North Cumbria ICB,2026.04.8,89.0,97.83467183821836,4.0,972.0,129.0,62.0,375.0,51.0,641.0,1033.0,6.9372008037055055,80.27037187181148,86.32484437360446,51.0,1333.0,281.0,38.75977611770094,1865.0,35.0,20.0,5.716154366987008,5.02982387102392
108,2025-01-27,1.0,NHS North East and North Cumbria ICB,2026.04.8,106.0,89.56484819177837,2.0,913.0,118.0,58.0,362.0,52.0,597.0,915.0,6.100730360874283,80.786919782006,84.68234155094603,67.0,1246.0,242.0,36.58492009494604,2040.0,57.0,13.0,5.293024161877717,5.636285740016908
109,2025-02-03,2.0,NHS North East and North Cumbria ICB,2026.04.8,87.0,87.20505498419745,6.0,932.0,136.0,65.0,316.0,49.0,649.0,945.0,6.680276069528507,79.96888256404235,81.14367840600406,66.0,1229.0,283.0,38.60549173103719,2007.0,36.0,19.0,5.908590556401256,4.575165872964512
110,2025-02-10,2.0,NHS North East and North Cumbria ICB,2026.04.8,90.0,92.33818762069998,8.0,965.0,122.0,54.0,382.0,47.0,574.0,994.0,7.49441102165228,83.63946381377707,82.30193534293446,81.0,1399.0,250.0,40.165411762396815,2016.0,42.0,23.0,5.985280609620908,4.991603711472227
111,2025-02-17,2.0,NHS North East and North Cumbria ICB,2026.04.8,111.0,94.8872832831783,6.0,922.0,99.0,52.0,336.0,37.0,571.0,868.0,6.031243558343509,81.61525191401797,79.60885107303508,48.0,1320.0,276.0,38.68380794927111,1946.0,61.0,24.0,5.317192806963404,5.399157111878549
112,2025-02-24,2.0,NHS North East and North Cumbria ICB,2026.04.8,119.0,93.80964059744514,4.0,1038.0,109.0,63.0,418.0,62.0,571.0,981.0,7.848016246258218,79.84667812381393,82.84855157512933,66.0,1347.0,249.0,39.07736931472296,2104.0,55.0,31.0,5.73385292846254,5.297650038645326
113,2025-03-03,3.0,NHS North East and North Cumbria ICB,2026.04.8,178.0,100.14967571293704,4.0,1060.0,128.0,57.0,387.0,58.0,642.0,988.0,7.362949736381616,78.22307934867915,82.68201650573927,77.0,1275.0,294.0,35.31262481848541,1920.0,57.0,22.0,5.240427598633696,5.788302794833183
114,2025-03-10,3.0,NHS North East and North Cumbria ICB,2026.04.8,109.0,99.7396447267306,3.0,948.0,114.0,61.0,434.0,32.0,594.0,995.0,7.155120361863326,87.82549273157461,84.20079634162407,61.0,1371.0,272.0,34.66641657095759,2007.0,44.0,26.0,5.985694773909904,5.514029969486888
115,2025-03-17,3.0,NHS North East and North Cumbria ICB,2026.04.8,97.0,94.91935309964494,6.0,1029.0,86.0,67.0,343.0,73.0,672.0,1005.0,7.425403122913134,73.85903934037533,81.75826384968698,68.0,1329.0,305.0,36.42261227135383,2062.0,57.0,26.0,5.656692554470094,5.075364902946391
116,2025-03-24,3.0,NHS North East and North Cumbria ICB,2026.04.8,174.0,94.39892445537622,4.0,1037.0,138.0,75.0,393.0,65.0,695.0,1062.0,7.745703751927007,82.50785680314607,83.33022431862805,70.0,1400.0,273.0,35.424345653915346,2214.0,32.0,23.0,6.1366333546864205,4.8117841360680975
117,2025-03-31,3.0,NHS North East and North Cumbria ICB,2026.04.8,114.0,97.24760063632392,5.0,1027.0,153.0,72.0,331.0,44.0,613.0,960.0,7.808956238301947,82.29375348064127,86.1756981423396,69.0,1341.0,231.0,38.67895495686537,1951.0,48.0,16.0,5.507542187061632,4.459647123074493
118,2025-04-07,4.0,NHS North East and North Cumbria ICB,2026.04.8,226.0,101.59277965492196,6.0,998.0,133.0,72.0,362.0,56.0,614.0,939.0,7.349890183475927,75.31469758645652,85.57288602760205,76.0,1274.0,224.0,35.810419755643515,1907.0,55.0,17.0,5.609400111887697,5.164015040725912
119,2025-04-14,4.0,NHS North East and North Cumbria ICB,2026.04.8,188.0,93.59915912226784,4.0,1079.0,110.0,82.0,413.0,44.0,588.0,971.0,7.660513989578988,82.52898118346604,82.07527386160454,57.0,1291.0,308.0,36.532590649943245,1899.0,57.0,28.0,5.650851132475209,5.607362339495239
120,2025-04-21,4.0,NHS North East and North Cumbria ICB,2026.04.8,189.0,93.93091782944484,1.0,973.0,128.0,56.0,443.0,66.0,638.0,1099.0,8.578014234416539,83.37202068433959,81.00763747365534,62.0,1428.0,284.0,33.3876103892509,1946.0,46.0,23.0,5.566009652896115,4.248556974231676
121,2025-04-28,4.0,NHS North East and North Cumbria ICB,2026.04.8,143.0,93.56984019840613,7.0,963.0,114.0,62.0,413.0,53.0,659.0,1038.0,7.876963613225875,84.63219742678545,83.69540983217668,71.0,1455.0,272.0,34.459931636042526,2040.0,51.0,28.0,5.630071967091482,5.47145682466065
122,2025-05-05,5.0,NHS North East and North Cumbria ICB,2026.04.8,204.0,95.9546722811986,9.0,971.0,78.0,78.0,442.0,43.0,637.0,1076.0,8.45435726315984,87.32774636438715,91.86837332081842,97.0,1448.0,297.0,34.36322811385077,2101.0,58.0,27.0,5.868049210699796,4.594064340913049
123,2025-05-12,5.0,NHS North East and North Cumbria ICB,2026.04.8,130.0,95.16632066313645,2.0,985.0,167.0,68.0,411.0,58.0,613.0,994.0,8.317161088935222,80.85463613628477,86.36786075207134,56.0,1418.0,274.0,36.50481900547626,2052.0,63.0,33.0,5.835999020027148,5.076923803457348
124,2025-05-19,5.0,NHS North East and North Cumbria ICB,2026.04.8,171.0,100.12819320533728,8.0,1007.0,171.0,68.0,401.0,64.0,697.0,1089.0,7.376078017102666,86.3753365989781,86.00886022729603,84.0,1350.0,237.0,35.55270887556135,2169.0,41.0,24.0,6.107760861005295,5.5164958517915945
125,2025-05-26,5.0,NHS North East and North Cumbria ICB,2026.04.8,208.0,101.24823157290548,9.0,1014.0,99.0,68.0,421.0,63.0,677.0,1075.0,7.465848563179478,81.3112105551863,86.98275379182658,80.0,1410.0,318.0,37.35408572525814,2000.0,48.0,34.0,6.008691950827838,5.615329988132472
126,2025-06-02,6.0,NHS North East and North Cumbria ICB,2026.04.8,128.0,101.32625727145115,9.0,1023.0,152.0,56.0,412.0,49.0,660.0,1043.0,7.160848540324544,84.62987258809892,82.62818443481422,66.0,1333.0,275.0,33.43713875711384,2013.0,62.0,23.0,6.241822912713987,4.514534074403114
127,2025-06-09,6.0,NHS North East and North Cumbria ICB,2026.04.8,170.0,101.2753969238374,8.0,1073.0,116.0,67.0,350.0,50.0,672.0,993.0,8.41747304529039,88.67925123084811,81.15181998726393,87.0,1400.0,280.0,34.09532048365802,2021.0,46.0,37.0,5.935715199995795,5.844634278996139
128,2025-06-16,6.0,NHS North East and North Cumbria ICB,2026.04.8,240.0,94.0928602266689,9.0,1095.0,153.0,64.0,383.0,67.0,660.0,1001.0,8.778982110699287,85.38669372002718,89.68051414862401,98.0,1464.0,300.0,33.738273991476326,2031.0,49.0,25.0,6.296109370798871,5.058800567803112
129,2025-06-23,6.0,NHS North East and North Cumbria ICB,2026.04.8,188.0,94.80351800922776,4.0,1066.0,95.0,83.0,393.0,66.0,669.0,1030.0,7.479966158383599,73.71697037245195,88.91265345189417,69.0,1372.0,283.0,33.24928353779126,2182.0,55.0,29.0,6.218516033911737,5.825185091320956
130,2025-06-30,6.0,NHS North East and North Cumbria ICB,2026.04.8,148.0,94.4379532737796,4.0,1023.0,105.0,61.0,362.0,56.0,713.0,1058.0,6.766698815845309,83.27985869367525,86.58923628214866,76.0,1368.0,255.0,34.79269225945644,2194.0,36.0,30.0,5.314125667484605,5.194231449027327
131,2025-07-07,7.0,NHS North East and North Cumbria ICB,2026.04.8,108.0,91.14713305948231,6.0,945.0,125.0,55.0,397.0,50.0,653.0,1032.0,8.079460014620246,75.55766044477618,87.98682591324496,57.0,1337.0,293.0,36.31924883184785,2179.0,54.0,20.0,6.500243203068025,4.345443252197243
132,2025-07-14,7.0,NHS North East and North Cumbria ICB,2026.04.8,111.0,94.1647730918806,5.0,992.0,120.0,65.0,417.0,56.0,644.0,1068.0,7.551666600068798,86.16777618908631,84.41621760915177,81.0,1321.0,275.0,35.50205981957986,2020.0,70.0,27.0,6.310966106387894,5.001776007302141
133,2025-07-21,7.0,NHS North East and North Cumbria ICB,2026.04.8,156.0,92.65581762524208,10.0,987.0,131.0,66.0,389.0,49.0,648.0,987.0,7.51104137109196,83.70834401527357,81.38599040578133,62.0,1285.0,268.0,40.27050898364365,2141.0,61.0,24.0,6.110183766782251,4.599156428284637
134,2025-07-28,7.0,NHS North East and North Cumbria ICB,2026.04.8,71.0,93.86933796376331,6.0,939.0,76.0,56.0,357.0,49.0,615.0,976.0,8.413763899971118,77.64144797549581,84.63124930670712,70.0,1272.0,302.0,34.505767616024485,2138.0,51.0,21.0,5.258480702021234,5.143179240986484
135,2025-08-04,8.0,NHS North East and North Cumbria ICB,2026.04.8,112.0,97.52774551072808,4.0,1007.0,118.0,67.0,355.0,72.0,667.0,969.0,6.3656288324654255,85.50603167467486,81.54877910723182,70.0,1445.0,261.0,36.22858545199209,2127.0,39.0,25.0,5.677721919927904,3.995338031780965
136,2025-08-11,8.0,NHS North East and North Cumbria ICB,2026.04.8,107.0,91.58999545347916,4.0,951.0,104.0,66.0,397.0,53.0,593.0,993.0,8.376581634653773,83.99763915883223,79.7004749460142,68.0,1266.0,247.0,38.10158072002847,1992.0,50.0,28.0,5.4976641524494,4.586339456837558
137,2025-08-18,8.0,NHS North East and North Cumbria ICB,2026.04.8,,93.3922776549866,7.0,952.0,104.0,68.0,355.0,36.0,689.0,992.0,7.704141214356952,82.74116721281325,84.26547008056615,57.0,1405.0,250.0,39.974019330029606,2047.0,46.0,21.0,5.743976579309216,4.2959076339006
138,2025-08-25,8.0,NHS North East and North Cumbria ICB,2026.04.8,85.0,96.75596425580702,6.0,1006.0,93.0,57.0,377.0,49.0,595.0,951.0,7.428525396723117,76.37614385000998,84.25134113461833,53.0,1441.0,271.0,34.486545879753834,2072.0,59.0,24.0,5.635506424966208,4.098154413685066
139,2025-09-01,9.0,NHS North East and North Cumbria ICB,2026.04.8,82.0,93.71411378069178,6.0,964.0,150.0,62.0,394.0,53.0,684.0,1107.0,5.504544706877912,79.41759071657312,82.66244512548597,56.0,1367.0,289.0,37.8545572204901,2082.0,46.0,22.0,5.545078741692053,5.255847526208765
140,2025-09-08,9.0,NHS North East and North Cumbria ICB,2026.04.8,79.0,95.97079001139122,3.0,971.0,109.0,59.0,405.0,46.0,663.0,1111.0,7.329875823294732,87.25169580598781,80.83921961480418,71.0,1265.0,237.0,38.35396945453912,2198.0,48.0,19.0,5.817449084322242,3.5859709781075404
141,2025-09-15,9.0,NHS North East and North Cumbria ICB,2026.04.8,,90.1122337139464,9.0,929.0,113.0,49.0,381.0,54.0,562.0,940.0,7.476996873172785,80.47372275653714,84.07260154035723,52.0,1311.0,234.0,36.79836662728816,2046.0,52.0,15.0,5.686974257084688,4.7934335699036765
142,2025-09-22,9.0,NHS North East and North Cumbria ICB,2026.04.8,54.0,91.82632387165889,7.0,962.0,82.0,64.0,376.0,58.0,563.0,910.0,6.007672156137034,75.36437721637775,83.94069516049687,62.0,1429.0,204.0,36.6992538478596,1992.0,26.0,24.0,5.532847095630153,3.993251831992997
143,2025-09-29,9.0,NHS North East and North Cumbria ICB,2026.04.8,71.0,90.24456349239588,3.0,942.0,98.0,59.0,419.0,55.0,567.0,953.0,5.927289813460689,77.16768901436754,81.74328465166964,51.0,1227.0,223.0,36.58844086072107,1846.0,26.0,14.0,5.076677867455676,4.260672477268764
144,2025-10-06,10.0,NHS North East and North Cumbria ICB,2026.04.8,,92.46996827075436,6.0,935.0,121.0,64.0,393.0,40.0,544.0,928.0,6.478128170454856,76.89479393581445,80.37928998186025,44.0,1328.0,227.0,38.3959617956082,1903.0,36.0,13.0,5.395731721051551,4.395183734461072
145,2025-10-13,10.0,NHS North East and North Cumbria ICB,2026.04.8,55.0,93.28419391574084,1.0,939.0,91.0,48.0,319.0,34.0,589.0,884.0,5.213705063818534,76.64458050763635,84.62612102989782,83.0,1265.0,245.0,40.61440305512888,1979.0,48.0,22.0,5.7227037851260985,4.599646260524647
146,2025-10-20,10.0,NHS North East and North Cumbria ICB,2026.04.8,67.0,91.4265504682971,6.0,882.0,65.0,24.0,364.0,30.0,567.0,967.0,6.655574878934733,77.9192009288054,84.89160327145048,57.0,1318.0,194.0,39.866747513311246,1851.0,63.0,20.0,5.730493819924934,3.870082566057991
147,2025-10-27,10.0,NHS North East and North Cumbria ICB,2026.04.8,61.0,95.41513544968556,2.0,925.0,88.0,70.0,408.0,62.0,576.0,987.0,7.393038813319671,78.59784978141478,80.3154823002478,56.0,1278.0,271.0,36.72911979630029,2086.0,33.0,20.0,5.150043729538213,5.013126214939254
148,2025-11-03,11.0,NHS North East and North Cumbria ICB,2026.04.8,91.0,89.18729138808075,4.0,946.0,65.0,47.0,363.0,70.0,550.0,907.0,6.150034075993757,76.74571239428786,83.25888938382415,66.0,1297.0,226.0,36.14609301069924,2117.0,47.0,22.0,4.908309056437918,4.783039371826189
149,2025-11-10,11.0,NHS North East and North Cumbria ICB,2026.04.8,79.0,86.90025471330699,7.0,919.0,93.0,56.0,381.0,,546.0,914.0,6.443807579319952,77.85379810014126,87.61285164200211,53.0,1228.0,248.0,35.99993061040817,1929.0,42.0,11.0,5.681027797276252,3.96494242585344
150,2025-11-17,11.0,NHS North East and North Cumbria ICB,2026.04.8,52.0,91.23501575518836,4.0,919.0,105.0,56.0,337.0,59.0,583.0,917.0,7.342235031120387,78.58001066913152,85.19574143716477,50.0,1276.0,258.0,41.87071199874156,1797.0,42.0,17.0,5.223880330082693,4.326132579938838
151,2025-11-24,11.0,NHS North East and North Cumbria ICB,2026.04.8,74.0,90.08913110261469,7.0,918.0,86.0,72.0,379.0,,573.0,945.0,6.437167100873583,78.47972675390335,87.17521323363232,49.0,1339.0,230.0,37.3394585034716,1993.0,44.0,26.0,5.38477371203745,4.315213166899661
152,2025-12-01,12.0,NHS North East and North Cumbria ICB,2026.04.8,76.0,88.81134274808527,4.0,876.0,73.0,62.0,386.0,56.0,517.0,908.0,6.194753960639098,77.07015135118725,84.63609854086323,33.0,1327.0,238.0,38.96955258125829,1941.0,28.0,21.0,5.620220516704323,4.595258427436431
153,2025-12-08,12.0,NHS North East and North Cumbria ICB,2026.04.8,57.0,85.69309898630549,7.0,917.0,127.0,53.0,380.0,47.0,598.0,959.0,6.20270640576767,78.08044923864884,89.17377117285622,49.0,1282.0,248.0,37.3690581987432,1937.0,26.0,22.0,5.971959935712666,4.4431848583742815
154,2025-12-15,12.0,NHS North East and North Cumbria ICB,2026.04.8,45.0,89.03883587305846,4.0,911.0,74.0,58.0,326.0,49.0,549.0,833.0,5.371016869974709,76.82405567304009,81.87848040787861,56.0,1304.0,243.0,42.24727285288887,1847.0,50.0,24.0,5.52087569173975,4.093443771614132
155,2025-12-22,12.0,NHS North East and North Cumbria ICB,2026.04.8,56.0,88.85879097700995,6.0,865.0,75.0,59.0,387.0,44.0,523.0,924.0,6.839572073202,71.84697153317131,84.67479185880224,51.0,1328.0,217.0,39.6912113217796,1930.0,37.0,19.0,5.722585127427495,4.323362928594467
10,2023-03-13,3.0,NHS Devon ICB,2026.04.8,58.0,88.70378207671143,4.0,924.0,92.0,49.0,389.0,38.0,554.0,964.0,6.728855942235427,74.50557511103497,77.25922680117205,60.0,1344.0,202.0,42.65684144699526,1797.0,37.0,10.0,6.127957263096008,5.216942574403578
11,2023-03-20,3.0,NHS Devon ICB,2026.04.8,46.0,92.71012893489872,4.0,897.0,121.0,53.0,394.0,28.0,565.0,936.0,5.996076337681348,78.26409036681208,81.92053737829978,53.0,1177.0,233.0,42.89683770394098,2015.0,46.0,26.0,5.251031071490375,4.844393755194337
12,2023-03-27,3.0,NHS Devon ICB,2026.04.8,76.0,89.72128203765645,1.0,842.0,105.0,51.0,354.0,41.0,572.0,947.0,5.17046568608217,76.18501300922092,80.57085944650603,67.0,1197.0,181.0,40.35551591846345,1773.0,58.0,15.0,5.34773533559059,4.719133424781888
13,2023-04-03,4.0,NHS Devon ICB,2026.04.8,72.0,90.7590154419671,4.0,877.0,98.0,64.0,356.0,38.0,590.0,953.0,5.302013374215658,77.11757742847352,87.58750640171604,54.0,1281.0,249.0,37.704495750573805,2009.0,37.0,23.0,5.419907482895656,3.564547683285907
14,2023-04-10,4.0,NHS Devon ICB,2026.04.8,84.0,87.43557664035892,9.0,927.0,95.0,57.0,371.0,30.0,563.0,905.0,6.39102236586932,79.93065023015308,87.14376837335863,57.0,1332.0,294.0,34.945413648534114,1932.0,40.0,27.0,5.756420181186845,4.534652255153437
15,2023-04-17,4.0,NHS Devon ICB,2026.04.8,72.0,89.29732930843575,5.0,912.0,105.0,50.0,373.0,53.0,552.0,879.0,6.548609973766939,80.38593468170465,81.05882677190242,58.0,1246.0,273.0,43.28129069104749,1947.0,27.0,21.0,5.461316804939594,4.809562792922995
16,2023-04-24,4.0,NHS Devon ICB,2026.04.8,86.0,87.45390834137585,4.0,953.0,115.0,82.0,394.0,57.0,596.0,956.0,5.882455431425595,77.38310223984153,79.37669188167715,47.0,1317.0,241.0,37.1225165998221,1949.0,42.0,28.0,5.630911836409475,4.228167314640487
17,2023-05-01,5.0,NHS Devon ICB,2026.04.8,67.0,95.23314222941778,1.0,984.0,83.0,41.0,369.0,41.0,572.0,853.0,5.035790885049259,79.52541880546649,79.33482309355068,48.0,1232.0,203.0,38.70620333464897,2073.0,35.0,14.0,6.003454495840427,4.7078826627141135
18,2023-05-08,5.0,NHS Devon ICB,2026.04.8,62.0,95.52167058801736,5.0,795.0,73.0,60.0,408.0,20.0,601.0,1024.0,6.645765220769423,87.47467215663495,82.56873148921373,37.0,1182.0,217.0,43.02229161689152,1907.0,28.0,17.0,5.300276840303026,4.490552566548593
19,2023-05-15,5.0,NHS Devon ICB,2026.04.8,74.0,89.37764431973704,5.0,894.0,81.0,58.0,401.0,48.0,578.0,948.0,5.577805849037036,74.91106684781704,75.75252397676527,45.0,1156.0,209.0,38.96037476154832,1950.0,20.0,27.0,5.726288036581951,4.229027882840164
20,2023-05-22,5.0,NHS Devon ICB,2026.04.8,48.0,90.93412648367546,2.0,840.0,92.0,57.0,357.0,,555.0,866.0,5.10004240569588,77.39319129656315,81.44870862550393,56.0,1253.0,233.0,39.08255349371828,1772.0,36.0,25.0,6.026427174757477,3.714936991599203
21,2023-05-29,5.0,NHS Devon ICB,2026.04.8,36.0,96.69446783265954,3.0,1006.0,151.0,48.0,383.0,66.0,560.0,927.0,5.831472479665626,81.3432810828346,84.2054953546483,63.0,1183.0,254.0,39.06681697389136,1736.0,43.0,21.0,5.787719262156726,4.795187659704384
22,2023-06-05,6.0,NHS Devon ICB,2026.04.8,81.0,87.60510953779311,3.0,923.0,76.0,62.0,334.0,33.0,563.0,881.0,5.164386723772128,73.44200452934172,81.57749617336047,52.0,1316.0,260.0,37.29791780278204,2091.0,33.0,24.0,5.901774706122401,4.136455926547798
23,2023-06-12,6.0,NHS Devon ICB,2026.04.8,52.0,89.94109155171607,3.0,881.0,114.0,48.0,379.0,39.0,566.0,899.0,6.300764934276065,81.12477900287571,80.37397022061934,63.0,1216.0,243.0,38.3144412720657,1925.0,46.0,18.0,5.235160474475426,4.807873008292526
24,2023-06-19,6.0,NHS Devon ICB,2026.04.8,48.0,87.38744643329012,4.0,915.0,94.0,59.0,368.0,34.0,552.0,875.0,6.657257112744397,75.2059335380746,79.11747009297055,56.0,1303.0,255.0,38.77813789196033,2056.0,39.0,23.0,5.989151751617506,4.25168343039754
25,2023-06-26,6.0,NHS Devon ICB,2026.04.8,67.0,89.92804839663945,7.0,947.0,100.0,62.0,388.0,43.0,563.0,939.0,6.681387912395542,72.45196021046743,79.38288851524356,39.0,1385.0,217.0,37.969375738922736,1863.0,50.0,18.0,5.775963950006648,4.032269868958131
26,2023-07-03,7.0,NHS Devon ICB,2026.04.8,68.0,88.69195401599289,4.0,911.0,114.0,60.0,423.0,62.0,576.0,979.0,5.701865587647839,80.62455723131272,80.53275472756717,54.0,1325.0,257.0,40.23458825707901,1852.0,23.0,20.0,5.470243909436242,3.9154153296924488
27,2023-07-10,7.0,NHS Devon ICB,2026.04.8,62.0,91.63430453238377,3.0,926.0,91.0,47.0,377.0,30.0,504.0,815.0,6.146248219749955,73.23455113873014,88.14293200670939,64.0,1222.0,285.0,39.54772016115014,1936.0,44.0,16.0,5.3369857564135685,3.8018031448240337
28,2023-07-17,7.0,NHS Devon ICB,2026.04.8,51.0,89.78789136932589,7.0,882.0,121.0,43.0,351.0,36.0,608.0,952.0,6.6568546884968764,82.08024582360132,83.69835595480457,64.0,1257.0,239.0,37.81206492323747,1688.0,34.0,21.0,5.236427883462754,3.8615720643193967
29,2023-07-24,7.0,NHS Devon ICB,2026.04.8,73.0,90.85598548333756,4.0,958.0,85.0,62.0,432.0,30.0,640.0,1061.0,6.716757363488297,82.0225907092779,79.4957359855737,52.0,1275.0,202.0,39.26048504105224,1820.0,20.0,21.0,5.566586177176087,4.685063428233876
30,2023-07-31,7.0,NHS Devon ICB,2026.04.8,69.0,89.21008290587724,7.0,942.0,83.0,53.0,359.0,52.0,619.0,966.0,6.123185159229237,79.39039432810738,77.00412897996374,52.0,1236.0,232.0,40.80850735024736,2036.0,30.0,23.0,5.880796462026907,3.755930055840184
31,2023-08-07,8.0,NHS Devon ICB,2026.04.8,50.0,87.68132549037831,6.0,883.0,81.0,61.0,313.0,50.0,566.0,878.0,6.155185645617232,79.81199044965823,81.85769481025424,43.0,1262.0,228.0,40.599247449941,1827.0,40.0,25.0,5.345563317935146,3.66003294493777
32,2023-08-14,8.0,NHS Devon ICB,2026.04.8,55.0,87.08786750672022,2.0,886.0,98.0,55.0,299.0,32.0,583.0,879.0,5.760355181808322,74.72671485000275,86.52312459130175,52.0,1263.0,232.0,37.15811997551105,1896.0,48.0,24.0,5.7918062175821285,3.285523232257824
33,2023-08-21,8.0,NHS Devon ICB,2026.04.8,34.0,86.72302199129061,5.0,906.0,122.0,40.0,369.0,50.0,542.0,871.0,5.242405149900968,74.79881340130441,78.64084754803713,48.0,1204.0,199.0,40.84853368396399,1973.0,41.0,15.0,5.520399936137703,3.873171493512925
34,2023-08-28,8.0,NHS Devon ICB,2026.04.8,46.0,88.02926343967212,3.0,937.0,77.0,52.0,405.0,30.0,587.0,956.0,5.743150887813219,75.37198816509176,77.17835140120947,44.0,1228.0,229.0,37.5903546630144,1868.0,49.0,15.0,5.399849358891713,4.393106035009725
35,2023-09-04,9.0,NHS Devon ICB,2026.04.8,33.0,89.60687726658253,5.0,870.0,101.0,33.0,350.0,21.0,596.0,912.0,6.031001994238551,76.68886584584322,79.08646863380893,43.0,1135.0,244.0,38.14141288688972,1868.0,38.0,15.0,5.407458720174248,3.956901056695836
36,2023-09-11,9.0,NHS Devon ICB,2026.04.8,24.0,87.19838471313484,3.0,943.0,112.0,45.0,449.0,30.0,541.0,1008.0,6.008901410802212,78.8492277480047,84.75532407502698,48.0,1216.0,215.0,41.30095844240299,1509.0,34.0,21.0,4.96102116539372,4.207672542292328
37,2023-09-18,9.0,NHS Devon ICB,2026.04.8,34.0,86.15235344084284,4.0,835.0,79.0,44.0,341.0,30.0,540.0,865.0,5.375682314861196,70.80565511787357,78.77109788799855,35.0,1324.0,251.0,43.55155338307576,2125.0,37.0,20.0,5.23454515063024,3.544761906678055
38,2023-09-25,9.0,NHS Devon ICB,2026.04.8,30.0,83.33583098310996,4.0,891.0,103.0,54.0,354.0,14.0,502.0,845.0,6.450072916354457,75.12420720173361,76.10451128526103,39.0,1128.0,242.0,40.85083839370602,1846.0,37.0,13.0,5.540100709723188,3.5410655340315995
39,2023-10-02,10.0,NHS Devon ICB,2026.04.8,22.0,87.82316201810521,3.0,832.0,76.0,42.0,332.0,32.0,550.0,869.0,4.568025832257048,79.00335961930327,77.7674259825707,48.0,1151.0,210.0,41.48810000616851,1941.0,26.0,14.0,4.536454403991112,3.587809412616769
40,2023-10-09,10.0,NHS Devon ICB,2026.04.8,30.0,86.72646775079957,5.0,792.0,90.0,38.0,421.0,26.0,499.0,925.0,5.256249625966583,68.58196792970692,78.25484694412141,34.0,1184.0,240.0,43.13147022541836,1844.0,41.0,20.0,4.718968764160494,3.2347324293573574
41,2023-10-16,10.0,NHS Devon ICB,2026.04.8,49.0,86.57720624210235,1.0,873.0,123.0,41.0,378.0,39.0,533.0,936.0,4.79449600494442,73.35742840067256,79.89384051850907,44.0,1173.0,218.0,39.80040075263553,1867.0,39.0,18.0,5.491274352990669,4.058138772931854
42,2023-10-23,10.0,NHS Devon ICB,2026.04.8,36.0,84.81654790478916,3.0,914.0,83.0,35.0,331.0,33.0,580.0,888.0,5.870949422085878,74.2141504202544,84.48028940311603,56.0,1272.0,246.0,39.89685144930171,1844.0,15.0,16.0,5.104656221262061,3.8057567590719374
43,2023-10-30,10.0,NHS Devon ICB,2026.04.8,43.0,81.14033385755172,1.0,817.0,81.0,47.0,318.0,13.0,543.0,812.0,5.25437045921627,72.35249172503075,80.499149658661,24.0,1272.0,153.0,40.23733102521575,1913.0,45.0,25.0,4.892085910998298,4.081533489773489
44,2023-11-06,11.0,NHS Devon ICB,2026.04.8,47.0,84.25549893857914,2.0,778.0,75.0,50.0,368.0,37.0,568.0,887.0,5.52382912274724,77.87002379356501,79.21438162337736,41.0,1162.0,228.0,43.14475181515756,1896.0,27.0,19.0,5.580301419143722,3.8677230339008783
45,2023-11-13,11.0,NHS Devon ICB,2026.04.8,17.0,86.61834881950958,1.0,850.0,91.0,51.0,317.0,35.0,540.0,804.0,4.978164410372729,73.99045589885498,80.47413455781158,47.0,1207.0,228.0,41.48717515939848,1572.0,36.0,12.0,5.066195940599878,3.611798723769453
46,2023-11-20,11.0,NHS Devon ICB,2026.04.8,46.0,86.18615031093384,3.0,829.0,77.0,39.0,381.0,33.0,592.0,972.0,4.901321235700371,75.9034493403517,80.6372649563774,37.0,1316.0,249.0,42.308523517173576,1964.0,38.0,20.0,5.218348286545568,3.623534524335664
47,2023-11-27,11.0,NHS Devon ICB,2026.04.8,,88.20282272057516,2.0,798.0,80.0,57.0,392.0,14.0,567.0,936.0,5.326529072761819,77.02625581629596,78.13158744412421,64.0,1177.0,193.0,42.34077131377299,1835.0,53.0,21.0,5.91951032604483,3.689180171652277
48,2023-12-04,12.0,NHS Devon ICB,2026.04.8,27.0,87.56749112238364,3.0,818.0,59.0,36.0,376.0,30.0,518.0,874.0,5.076852448665695,73.50719200692757,77.6431644734707,21.0,1229.0,176.0,43.59390934218601,1739.0,28.0,14.0,4.913956206400619,3.909087439382575
49,2023-12-11,12.0,NHS Devon ICB,2026.04.8,47.0,84.062916108308,2.0,845.0,54.0,45.0,336.0,24.0,488.0,822.0,4.454428557683747,72.63257826019642,72.78073020783903,35.0,1270.0,238.0,40.58694947864463,1742.0,49.0,16.0,5.528114181809964,4.278378172223743
50,2023-12-18,12.0,NHS Devon ICB,2026.04.8,32.0,86.57880928077437,3.0,872.0,84.0,38.0,341.0,48.0,569.0,881.0,3.335735591081617,82.38823130763117,75.88893587022936,41.0,1304.0,251.0,42.31471880196482,1878.0,33.0,18.0,4.59765436555764,3.354766052492211
51,2023-12-25,12.0,NHS Devon ICB,2026.04.8,36.0,86.69500989907478,2.0,849.0,63.0,37.0,330.0,13.0,507.0,819.0,3.33064861880317,73.24458722190565,74.64494573983013,36.0,1247.0,217.0,39.3187461708359,1866.0,29.0,16.0,4.851725871930404,3.4494251520806225
52,2024-01-01,1.0,NHS Devon ICB,2026.04.8,20.0,86.3730782015044,5.0,712.0,57.0,16.0,406.0,13.0,544.0,953.0,3.9312508326236686,70.79236986468807,74.395245953969,33.0,1285.0,177.0,45.70880950643944,1816.0,34.0,17.0,5.7053922164604485,3.2980230589849624
53,2024-01-08,1.0,NHS Devon ICB,2026.04.8,19.0,80.19814056713172,2.0,833.0,45.0,19.0,341.0,38.0,515.0,833.0,3.9052899948313815,66.79278955052501,76.76132166311821,24.0,1168.0,191.0,43.150528141553,1715.0,34.0,20.0,4.489322763354865,3.155417407141805
54,2024-01-15,1.0,NHS Devon ICB,2026.04.8,36.0,85.64132613923543,1.0,792.0,58.0,39.0,323.0,11.0,557.0,859.0,3.447921600212555,76.6318329848608,80.18204205695156,40.0,1237.0,231.0,43.89688942411082,1876.0,44.0,16.0,4.975341615574584,3.4790161206699883
55,2024-01-22,1.0,NHS Devon ICB,2026.04.8,14.0,82.19395748927826,0.0,729.0,55.0,43.0,347.0,13.0,480.0,874.0,4.560380727977531,72.66065355673706,72.6213830792075,43.0,1173.0,181.0,41.48813514358447,1859.0,18.0,14.0,5.573845971503252,3.5562834816454343
56,2024-01-29,1.0,NHS Devon ICB,2026.04.8,18.0,83.56440819542198,1.0,822.0,67.0,26.0,339.0,16.0,494.0,779.0,3.9429741070413145,68.87053591657133,72.91659130131278,31.0,1107.0,234.0,38.88780720117717,1835.0,22.0,14.0,5.429641292418634,3.1020127900717944
57,2024-02-05,2.0,NHS Devon ICB,2026.04.8,13.0,82.78992768565885,0.0,770.0,79.0,22.0,333.0,3.0,507.0,858.0,3.5554932433423208,63.53417511653588,72.35251464883251,37.0,1088.0,202.0,40.2442379941073,1814.0,25.0,18.0,4.950073208189956,3.721796645816942
58,2024-02-12,2.0,NHS Devon ICB,2026.04.8,28.0,83.63209568521229,3.0,692.0,46.0,21.0,263.0,23.0,510.0,702.0,3.1987787963938183,69.20976891313686,78.28273879004063,51.0,1179.0,167.0,40.07103137702558,1802.0,17.0,17.0,5.013117046156993,3.8080909991914207
59,2024-02-19,2.0,NHS Devon ICB,2026.04.8,24.0,82.64779427241965,0.0,771.0,51.0,38.0,357.0,0.0,503.0,844.0,4.6827463333544985,69.9870078044258,74.49971241875284,43.0,1099.0,177.0,41.87153074313017,1794.0,21.0,16.0,4.6313632598631695,3.2243377941218627
60,2024-02-26,2.0,NHS Devon ICB,2026.04.8,22.0,81.210204678601,0.0,727.0,79.0,23.0,335.0,21.0,455.0,784.0,3.226277620429751,70.53883857896115,78.5025754901655,18.0,1234.0,217.0,42.89303655067806,1628.0,21.0,17.0,4.896137530678095,3.734542994500648
61,2024-03-04,3.0,NHS Devon ICB,2026.04.8,24.0,75.86911950530013,0.0,721.0,59.0,34.0,358.0,9.0,417.0,765.0,4.961420562356008,76.35174876493028,73.60715289204593,5.0,1013.0,206.0,45.014064909644325,1750.0,18.0,12.0,4.821124648155552,3.750524285493874
62,2024-03-11,3.0,NHS Devon ICB,2026.04.8,19.0,84.42160730865913,0.0,777.0,34.0,18.0,313.0,19.0,453.0,703.0,4.50811290695742,67.21875267835502,80.73581598544955,21.0,1161.0,155.0,45.34554449365383,1814.0,18.0,16.0,5.509613539999342,3.37868190102427
63,2024-03-18,3.0,NHS Devon ICB,2026.04.8,20.0,78.43903204146115,0.0,722.0,59.0,37.0,318.0,10.0,510.0,773.0,3.315039445825031,66.5355578501419,80.94028757560116,35.0,1234.0,162.0,45.136443356738354,1732.0,27.0,22.0,4.88107511743533,3.022051041390612
64,2024-03-25,3.0,NHS Devon ICB,2026.04.8,33.0,81.52620589468536,2.0,676.0,38.0,32.0,405.0,1.0,505.0,906.0,4.2403001370561135,65.53962913933199,77.20059727572374,21.0,1238.0,186.0,44.51390708379741,1797.0,5.0,15.0,4.799506238383835,3.3145608115993164
65,2024-04-01,4.0,NHS Devon ICB,2026.04.8,18.0,83.36007016231211,0.0,757.0,54.0,28.0,369.0,,491.0,866.0,3.95917902479544,77.87295734607726,80.90125425411965,31.0,1252.0,180.0,42.989871235981234,1800.0,33.0,8.0,5.17781034078031,3.238615038146377
66,2024-04-08,4.0,NHS Devon ICB,2026.04.8,,83.51806861389466,1.0,720.0,36.0,46.0,343.0,1.0,486.0,846.0,4.316514845601739,66.10346712111942,76.92067840242362,19.0,1176.0,237.0,43.73910079152645,1837.0,34.0,14.0,5.389948194920761,3.546875764983002
67,2024-04-15,4.0,NHS Devon ICB,2026.04.8,16.0,84.03596218804981,1.0,775.0,30.0,28.0,340.0,26.0,535.0,859.0,3.2949780514404967,73.51944309155921,76.86515308682193,15.0,1122.0,177.0,45.37664849279439,1567.0,32.0,13.0,4.9032599184607575,2.679992306933627
68,2024-04-22,4.0,NHS Devon ICB,2026.04.8,17.0,80.19628874870692,1.0,748.0,76.0,16.0,340.0,4.0,460.0,769.0,3.755320285250884,67.20123036330405,71.10627135687359,47.0,1104.0,174.0,43.03676314804562,1833.0,25.0,20.0,5.699241134793629,2.38092747521475
69,2024-04-29,4.0,NHS Devon ICB,2026.04.8,16.0,82.80166030369865,2.0,723.0,51.0,38.0,339.0,26.0,487.0,815.0,3.059530503865638,73.62431325318852,76.24858299306217,13.0,1080.0,218.0,42.56292983149589,1737.0,25.0,13.0,5.117074690409858,3.5072255742161698
70,2024-05-06,5.0,NHS Devon ICB,2026.04.8,16.0,81.2889630092033,0.0,762.0,48.0,24.0,361.0,24.0,523.0,843.0,2.9931342095165485,69.55993275487816,74.54160454944915,38.0,1196.0,192.0,45.88205237122207,1531.0,28.0,10.0,5.590791352130585,2.4066857637085803
71,2024-05-13,5.0,NHS Devon ICB,2026.04.8,13.0,80.69750627304091,1.0,688.0,59.0,27.0,365.0,11.0,483.0,847.0,3.3876889287831773,73.6389585362048,78.09992468050596,20.0,1261.0,222.0,44.521237602395495,1699.0,11.0,11.0,5.269947309418231,3.1642486523061604
72,2024-05-20,5.0,NHS Devon ICB,2026.04.8,14.0,81.11138262484123,0.0,680.0,33.0,46.0,366.0,13.0,460.0,865.0,3.2080558436351083,68.1212613867537,79.78649070324447,16.0,1214.0,219.0,43.476704445649005,1685.0,11.0,20.0,5.129151119433773,2.789053168806197
73,2024-05-27,5.0,NHS Devon ICB,2026.04.8,7.0,74.74214428570603,0.0,723.0,30.0,29.0,319.0,6.0,461.0,735.0,3.620397421147794,69.13847467921074,75.00953147256,25.0,1183.0,196.0,46.88368854155166,1722.0,7.0,20.0,5.094730520214408,3.02786425937049
74,2024-06-03,6.0,NHS Devon ICB,2026.04.8,4.0,80.20482865874287,0.0,745.0,45.0,25.0,317.0,18.0,486.0,793.0,4.198329655109676,69.32566737259525,85.904174996451,17.0,1135.0,198.0,42.20216449576969,1606.0,31.0,11.0,4.739429393760463,2.837969185992064
75,2024-06-10,6.0,NHS Devon ICB,2026.04.8,9.0,83.60300803805902,0.0,735.0,27.0,31.0,330.0,13.0,488.0,816.0,3.693413775423296,71.48292389575681,73.16161383147846,29.0,1227.0,209.0,47.30195729020531,1705.0,27.0,12.0,4.695855849275852,3.751440799091561
76,2024-06-17,6.0,NHS Devon ICB,2026.04.8,,81.67260874049504,1.0,773.0,57.0,45.0,334.0,14.0,519.0,807.0,3.618331209270848,66.48721428705093,77.67226587512035,44.0,1208.0,216.0,44.59680892099127,1574.0,26.0,21.0,5.195426551656422,3.040022576948675
77,2024-06-24,6.0,NHS Devon ICB,2026.04.8,10.0,87.95877711366926,3.0,780.0,72.0,45.0,330.0,9.0,491.0,781.0,4.268371012659834,67.03994677470966,80.12506490521005,29.0,1084.0,190.0,45.46432117347358,1757.0,13.0,12.0,4.927743722892345,2.153749793232908
78,2024-07-01,7.0,NHS Devon ICB,2026.04.8,17.0,81.30446628802595,2.0,828.0,53.0,34.0,331.0,12.0,499.0,822.0,3.6515065578221697,63.86049573970897,78.18798103387718,36.0,1148.0,190.0,39.79974364209461,1744.0,25.0,14.0,4.9586921957817705,2.519355269914872
79,2024-07-08,7.0,NHS Devon ICB,2026.04.8,7.0,80.90191243815818,1.0,767.0,59.0,31.0,311.0,35.0,433.0,703.0,3.706909630847243,65.71984715197186,77.76085554289068,35.0,1161.0,239.0,44.719641279626025,1903.0,9.0,21.0,5.014052660288841,3.124351368225545
80,2024-07-15,7.0,NHS Devon ICB,2026.04.8,21.0,80.87926896390165,1.0,765.0,60.0,40.0,372.0,22.0,492.0,811.0,3.8096048574621295,65.9790181108717,76.95076071790479,27.0,1249.0,205.0,44.017607330697736,1630.0,26.0,10.0,5.224047932052766,3.5359167945630423
81,2024-07-22,7.0,NHS Devon ICB,2026.04.8,9.0,78.40471906115008,1.0,716.0,25.0,34.0,308.0,22.0,463.0,784.0,2.512719416819462,69.85557164898984,71.67478769122961,34.0,1160.0,228.0,,1799.0,17.0,12.0,5.040443309206931,2.871946623299979
82,2024-07-29,7.0,NHS Devon ICB,2026.04.8,12.0,74.50026046003616,0.0,613.0,36.0,24.0,357.0,17.0,430.0,737.0,3.2546448144167925,69.67716203307357,70.69892574434017,16.0,1172.0,215.0,42.25057208944848,1662.0,19.0,12.0,4.871837465820931,2.2590062673368427
83,2024-08-05,8.0,NHS Devon ICB,2026.04.8,4.0,83.55503643969222,0.0,749.0,46.0,28.0,384.0,8.0,470.0,847.0,4.406591577330337,70.99833398628012,78.99950177666699,19.0,1060.0,151.0,44.55822366690449,1548.0,24.0,14.0,4.962186945191179,2.400882511305644
84,2024-08-12,8.0,NHS Devon ICB,2026.04.8,7.0,80.2994603508859,0.0,710.0,33.0,26.0,370.0,3.0,540.0,948.0,3.214013358293816,67.03281264211799,77.38156862297497,27.0,1076.0,170.0,41.35369513884622,1755.0,22.0,15.0,4.970497041178106,2.205222190712886
85,2024-08-19,8.0,NHS Devon ICB,2026.04.8,12.0,75.15891488033377,1.0,672.0,52.0,32.0,298.0,6.0,529.0,770.0,2.821122101610028,66.81041838052931,76.03816865437024,25.0,1116.0,223.0,46.699738200147394,1624.0,27.0,7.0,4.933432864762498,2.0151289791791
86,2024-08-26,8.0,NHS Devon ICB,2026.04.8,,73.43839028473398,0.0,638.0,20.0,33.0,315.0,12.0,398.0,677.0,3.895236606103041,63.12248655072193,69.63066191422772,0.0,1085.0,181.0,47.29059629634069,1624.0,21.0,11.0,4.620178913518712,1.943372290582356
87,2024-09-02,9.0,NHS Devon ICB,2026.04.8,9.0,74.17800059800614,0.0,629.0,23.0,25.0,349.0,15.0,454.0,783.0,2.0222521809235,61.76888886727953,73.91211055306296,3.0,1117.0,177.0,43.87616558957213,1730.0,18.0,16.0,4.892096712330859,2.1506675375268105
88,2024-09-09,9.0,NHS Devon ICB,2026.04.8,7.0,79.97553792990279,1.0,664.0,52.0,24.0,353.0,21.0,499.0,793.0,3.208142297874934,74.31150452588237,78.75160213462259,20.0,1165.0,213.0,44.95166475721602,1891.0,26.0,15.0,5.066104231734917,2.5498078264296806
89,2024-09-16,9.0,NHS Devon ICB,2026.04.8,15.0,74.71544652834616,0.0,666.0,62.0,26.0,280.0,0.0,408.0,689.0,3.930580613854121,67.30456481099475,77.9214592497219,32.0,1155.0,227.0,47.98282856257197,1765.0,13.0,14.0,5.19735523999422,2.4570131328212588
90,2024-09-23,9.0,NHS Devon ICB,2026.04.8,13.0,75.99070160565023,0.0,793.0,49.0,37.0,321.0,33.0,436.0,688.0,2.6959160103213136,66.92173006194767,77.33452471847347,25.0,1157.0,164.0,42.948166668211215,1714.0,18.0,22.0,4.638883400822098,2.0280345645021445
91,2024-09-30,9.0,NHS Devon ICB,2026.04.8,13.0,73.89798377406383,1.0,773.0,70.0,40.0,340.0,9.0,469.0,804.0,2.438933472501623,69.47367532646732,75.6877892865093,29.0,1225.0,188.0,41.2427963513266,1619.0,20.0,22.0,4.878576235358109,2.217053562061608
92,2024-10-07,10.0,NHS Devon ICB,2026.04.8,23.0,84.0423428778281,1.0,809.0,25.0,25.0,334.0,24.0,514.0,832.0,3.3446527314921,66.6452541346426,78.6949438280705,33.0,1251.0,169.0,,1518.0,17.0,10.0,5.444523959270039,3.119194563667859
93,2024-10-14,10.0,NHS Devon ICB,2026.04.8,18.0,79.71594980283741,2.0,731.0,45.0,19.0,346.0,24.0,516.0,841.0,3.5364803591818625,67.3541476529703,77.09026994302427,30.0,1162.0,173.0,44.0115767220291,1650.0,20.0,16.0,5.185334771392391,2.288256472389307
94,2024-10-21,10.0,NHS Devon ICB,2026.04.8,13.0,80.78320048961612,1.0,717.0,50.0,34.0,370.0,23.0,470.0,814.0,3.991858029953448,69.27817049724923,77.47446323574246,20.0,1224.0,188.0,43.49289241277311,1810.0,13.0,19.0,5.311898706745879,3.3712895539773537
95,2024-10-28,10.0,NHS Devon ICB,2026.04.8,17.0,80.45847915354966,1.0,684.0,56.0,33.0,340.0,18.0,461.0,780.0,4.186209467183023,67.43722004589797,75.58171223049143,24.0,1178.0,156.0,43.22694962173577,1623.0,27.0,20.0,4.934422092427616,3.104120172903121
96,2024-11-04,11.0,NHS Devon ICB,2026.04.8,13.0,77.75666937724371,1.0,776.0,77.0,9.0,377.0,16.0,434.0,782.0,3.7245349698246,62.7497822489282,73.39285607973035,14.0,1170.0,178.0,41.837933775909335,1690.0,15.0,16.0,5.348895148211631,2.680549918064792
97,2024-11-11,11.0,NHS Devon ICB,2026.04.8,8.0,82.77730501268698,0.0,773.0,61.0,39.0,348.0,13.0,455.0,808.0,3.556435909743332,68.60523204843447,71.45199522236774,0.0,1159.0,159.0,44.10428200610399,1664.0,11.0,15.0,4.696524587840488,2.5423843762174627
98,2024-11-18,11.0,NHS Devon ICB,2026.04.8,16.0,81.63530565679638,1.0,681.0,45.0,22.0,320.0,2.0,512.0,814.0,3.802589300943931,60.39953006880159,73.53926635934593,14.0,1172.0,169.0,44.3113480219699,1760.0,29.0,11.0,4.891993188071649,2.7578017052238275
99,2024-11-25,11.0,NHS Devon ICB,2026.04.8,16.0,77.55831805733172,0.0,716.0,14.0,35.0,351.0,5.0,458.0,794.0,3.8477018767305,65.22939169383646,73.12968627235587,32.0,1080.0,200.0,47.54449672195484,1744.0,23.0,13.0,5.63021011049789,3.3880429404817787
100,2024-12-02,12.0,NHS Devon ICB,2026.04.8,17.0,81.4809651795523,0.0,735.0,38.0,39.0,271.0,12.0,557.0,830.0,3.6047667556763447,64.79277208765627,79.49242401172376,37.0,1188.0,183.0,50.60450508618305,1685.0,27.0,14.0,4.883146588312695,3.399039078505021
101,2024-12-09,12.0,NHS Devon ICB,2026.04.8,18.0,78.56052070096841,1.0,767.0,37.0,37.0,368.0,6.0,471.0,826.0,2.1961166989267684,73.42410169488909,73.13575295926529,1.0,1113.0,207.0,41.029246321452746,1652.0,13.0,12.0,4.661882737105306,3.2640639420365334
102,2024-12-16,12.0,NHS Devon ICB,2026.04.8,9.0,78.74865538766467,0.0,717.0,34.0,19.0,377.0,17.0,455.0,813.0,2.537610752240582,66.7443917602111,73.36280325122834,0.0,1104.0,137.0,45.420515415662784,1591.0,19.0,22.0,5.365381036930793,2.561133228816353
103,2024-12-23,12.0,NHS Devon ICB,2026.04.8,16.0,79.09149469916666,0.0,724.0,40.0,26.0,377.0,24.0,514.0,886.0,2.984344189801844,70.50040447154298,78.20898745154818,0.0,1187.0,174.0,45.10887182944066,1723.0,8.0,10.0,4.67997169223261,3.2246398416112965
104,2024-12-30,12.0,NHS Devon ICB,2026.04.8,16.0,78.38201473451022,0.0,719.0,46.0,35.0,335.0,27.0,539.0,861.0,3.146732594694753,69.12851050249212,76.51387755878041,16.0,1186.0,187.0,,1666.0,27.0,16.0,5.055184784461036,2.7794851955099524
105,2025-01-06,1.0,NHS Devon ICB,2026.04.8,8.0,76.26951448419874,0.0,765.0,8.0,33.0,289.0,4.0,440.0,712.0,3.168617618993268,75.07710740278024,80.09666518546746,18.0,1059.0,200.0,42.60894712243932,1802.0,33.0,9.0,4.981333964719021,3.0997472062301696
106,2025-01-13,1.0,NHS Devon ICB,2026.04.8,17.0,82.62853500028598,1.0,646.0,59.0,28.0,370.0,14.0,404.0,772.0,3.3278293322323576,70.25668323052994,75.42295343250186,30.0,1123.0,203.0,46.28587736971493,1659.0,20.0,21.0,4.926814233751412,3.3017943267274603
107,2025-01-20,1.0,NHS Devon ICB,2026.04.8,15.0,80.12156668334545,0.0,672.0,28.0,32.0,352.0,36.0,457.0,771.0,2.952033585214843,67.31152475638854,72.56616816138815,21.0,1247.0,206.0,43.45991694508951,1948.0,14.0,17.0,5.251984414759561,2.8856589194869766
108,2025-01-27,1.0,NHS Devon ICB,2026.04.8,18.0,77.13533845945533,1.0,743.0,52.0,30.0,354.0,5.0,522.0,863.0,3.5571796491498584,71.81848680906795,72.67365846177466,28.0,1138.0,200.0,45.87898326673543,1709.0,11.0,16.0,4.466975557587602,3.4950352149305943
109,2025-02-03,2.0,NHS Devon ICB,2026.04.8,16.0,84.42606952094837,1.0,663.0,57.0,30.0,318.0,21.0,525.0,817.0,3.947863592716066,64.82027626505713,71.21505182886348,15.0,1198.0,208.0,42.69258174757505,1626.0,12.0,11.0,5.479488215448644,3.7417475919067753
110,2025-02-10,2.0,NHS Devon ICB,2026.04.8,26.0,81.99066092615219,0.0,702.0,72.0,31.0,371.0,32.0,494.0,830.0,2.731407461695726,70.56161823491657,84.56935317495847,42.0,1069.0,210.0,44.22360429917135,1694.0,12.0,22.0,4.7871537458769655,3.280076589149316
111,2025-02-17,2.0,NHS Devon ICB,2026.04.8,25.0,81.03429054360093,1.0,750.0,49.0,40.0,353.0,27.0,478.0,799.0,3.4251121181994373,64.4477478482341,78.2378937249173,32.0,1179.0,187.0,44.111281791511296,1592.0,19.0,19.0,4.860246042363897,4.112003470789025
112,2025-02-24,2.0,NHS Devon ICB,2026.04.8,12.0,79.62610175219672,0.0,700.0,47.0,26.0,363.0,10.0,468.0,820.0,4.228503205554347,66.97467511259165,82.34925331880919,35.0,1144.0,165.0,45.71108503949913,1988.0,33.0,24.0,5.106266205225387,3.123457298612064
113,2025-03-03,3.0,NHS Devon ICB,2026.04.8,11.0,84.87983840983453,2.0,655.0,28.0,28.0,361.0,6.0,518.0,867.0,4.229154396749816,79.66143725138599,74.85823960579621,22.0,1149.0,240.0,47.84008256577293,1693.0,25.0,14.0,5.287145526152919,2.863038177570916
114,2025-03-10,3.0,NHS Devon ICB,2026.04.8,17.0,78.66907635276034,1.0,713.0,41.0,21.0,336.0,9.0,486.0,794.0,2.90631494150176,70.37922243614493,77.74301200962418,37.0,1198.0,231.0,39.72458948539038,1594.0,16.0,20.0,5.20234980851345,3.6213241611490994
115,2025-03-17,3.0,NHS Devon ICB,2026.04.8,12.0,75.92698251673151,0.0,692.0,45.0,18.0,334.0,0.0,508.0,828.0,2.3810681357281687,61.25353441259269,74.64699108465408,16.0,1096.0,220.0,43.84602777990388,1750.0,15.0,15.0,5.029040846995032,3.0033257103903
116,2025-03-24,3.0,NHS Devon ICB,2026.04.8,7.0,77.8520307428517,0.0,699.0,22.0,21.0,280.0,17.0,518.0,784.0,2.1573574109199587,63.81095758660789,73.952553758978,8.0,1117.0,184.0,47.69937261677091,1681.0,16.0,16.0,5.100272230473357,3.4249554361500687
117,2025-03-31,3.0,NHS Devon ICB,2026.04.8,7.0,75.32487988395508,0.0,791.0,21.0,7.0,313.0,16.0,425.0,736.0,2.4630992276413184,69.8019060385983,73.669423602312,0.0,1150.0,196.0,46.36756182031952,1669.0,24.0,15.0,5.450946611055845,3.251491021947097
118,2025-04-07,4.0,NHS Devon ICB,2026.04.8,9.0,78.13089825466992,0.0,693.0,11.0,22.0,359.0,1.0,570.0,904.0,2.258332933958247,66.76324330745206,76.9500254747897,0.0,942.0,164.0,45.92799712811394,1843.0,15.0,13.0,5.197630269494381,3.338138515629391
119,2025-04-14,4.0,NHS Devon ICB,2026.04.8,8.0,78.19600532587188,0.0,719.0,34.0,34.0,334.0,3.0,459.0,805.0,2.209799473681968,69.26538088626504,72.80213964919487,1.0,1078.0,188.0,45.59227717275991,1640.0,21.0,22.0,4.97397363837155,2.7330443712823738
120,2025-04-21,4.0,NHS Devon ICB,2026.04.8,,80.23955415116899,1.0,724.0,20.0,59.0,386.0,3.0,435.0,776.0,2.639775174364784,67.76459977213374,75.02704016429422,13.0,1134.0,201.0,,1756.0,12.0,17.0,5.260334400489056,3.381637655675924
121,2025-04-28,4.0,NHS Devon ICB,2026.04.8,21.0,86.46583481529373,1.0,669.0,54.0,48.0,337.0,9.0,498.0,802.0,3.1664016824960743,73.8830875320267,72.51160321444029,24.0,1106.0,168.0,45.95735828044595,1877.0,8.0,11.0,5.340788384455797,3.413341459299123
122,2025-05-05,5.0,NHS Devon ICB,2026.04.8,9.0,78.51888280303059,0.0,696.0,40.0,26.0,340.0,17.0,519.0,809.0,1.9422028222162688,68.77123961483312,78.7297307499459,17.0,1135.0,166.0,42.27108448172464,1722.0,12.0,11.0,5.082761947719295,2.610887670433258
123,2025-05-12,5.0,NHS Devon ICB,2026.04.8,10.0,77.1655050083151,0.0,749.0,56.0,34.0,313.0,32.0,445.0,782.0,3.863600256538728,67.29177644826697,78.7601716701899,33.0,1161.0,194.0,41.00058506861627,1728.0,11.0,22.0,4.934157060291736,3.3872644209802174
124,2025-05-19,5.0,NHS Devon ICB,2026.04.8,11.0,78.4228636188764,1.0,715.0,50.0,22.0,324.0,10.0,431.0,766.0,2.867303465985473,69.61207374610866,78.00285067620008,10.0,1143.0,191.0,44.01506722730239,1775.0,25.0,13.0,4.747753009264915,3.2913385111735165
125,2025-05-26,5.0,NHS Devon ICB,2026.04.8,,80.92379449064615,0.0,643.0,44.0,37.0,376.0,6.0,460.0,797.0,3.4196341566765365,68.62697405339843,79.13459001392599,25.0,1148.0,185.0,49.216073939028426,1621.0,23.0,12.0,4.857387679729097,3.2811761993762354
126,2025-06-02,6.0,NHS Devon ICB,2026.04.8,9.0,74.10289661551336,0.0,671.0,59.0,43.0,349.0,11.0,531.0,849.0,3.310145927361594,65.87926376209161,74.30297165549115,5.0,1206.0,162.0,42.76272035150062,1654.0,15.0,16.0,4.935836735262723,2.7664258069377725
127,2025-06-09,6.0,NHS Devon ICB,2026.04.8,8.0,75.53932291625193,0.0,687.0,33.0,21.0,251.0,0.0,504.0,761.0,2.216752678042296,61.11228605567863,70.20876832979862,8.0,1043.0,200.0,45.114430138411215,1691.0,6.0,10.0,4.685840913090004,2.5223102193162568
128,2025-06-16,6.0,NHS Devon ICB,2026.04.8,,76.04659521413392,0.0,674.0,35.0,12.0,351.0,1.0,494.0,843.0,3.845129853950157,62.855987188871055,73.08546004599137,0.0,1075.0,221.0,42.00326913607694,1781.0,29.0,14.0,5.07115290243441,2.545833428525628
129,2025-06-23,6.0,NHS Devon ICB,2026.04.8,9.0,79.05289008146757,0.0,708.0,18.0,25.0,270.0,24.0,518.0,787.0,3.35727169529309,61.44897034709348,72.59235372742967,10.0,1092.0,191.0,40.86630263074576,1740.0,12.0,16.0,5.180571829542053,2.679102835911923
130,2025-06-30,6.0,NHS Devon ICB,2026.04.8,12.0,74.5158620267158,0.0,669.0,36.0,21.0,308.0,10.0,454.0,745.0,2.5446441975491627,62.20575517814629,77.08350076581137,7.0,1169.0,231.0,50.00518163289872,1488.0,19.0,10.0,5.169291479015165,2.119799098272185
131,2025-07-07,7.0,NHS Devon ICB,2026.04.8,8.0,79.73780105831459,0.0,672.0,36.0,42.0,359.0,18.0,482.0,833.0,2.368563531567881,60.89907953457724,76.25004616164028,41.0,1199.0,171.0,43.45737965801014,1661.0,9.0,9.0,5.059957688065775,2.8829407090803336
132,2025-07-14,7.0,NHS Devon ICB,2026.04.8,10.0,77.98061024987196,1.0,746.0,40.0,38.0,358.0,0.0,454.0,790.0,3.9961730199364736,69.73730700708481,76.09087687904355,0.0,1150.0,206.0,44.39382270495502,1778.0,27.0,13.0,5.448085650453314,2.137075050944105
133,2025-07-21,7.0,NHS Devon ICB,2026.04.8,7.0,77.08827797664907,0.0,743.0,25.0,26.0,321.0,13.0,503.0,799.0,3.516174687926044,70.13539258260327,81.85740239227768,31.0,1156.0,185.0,39.97046737262017,1833.0,22.0,17.0,5.080882545873023,2.5478603893127287
134,2025-07-28,7.0,NHS Devon ICB,2026.04.8,11.0,82.08197026806046,0.0,724.0,52.0,27.0,313.0,16.0,510.0,820.0,4.000587870710863,72.92900291514611,77.01712665590816,0.0,1217.0,190.0,44.36382153312385,1715.0,19.0,11.0,5.555335633130552,1.887538289653605
135,2025-08-04,8.0,NHS Devon ICB,2026.04.8,14.0,75.86029561597098,0.0,768.0,31.0,28.0,321.0,37.0,546.0,860.0,3.3108777267665723,64.16978129828215,77.06367199592114,40.0,1199.0,220.0,41.95975824658049,1699.0,10.0,18.0,5.328037803807269,3.421124680950488
136,2025-08-11,8.0,NHS Devon ICB,2026.04.8,7.0,83.60490918054988,0.0,838.0,51.0,36.0,407.0,,472.0,821.0,4.262237672254302,61.66402642663533,81.31106464279642,46.0,1197.0,191.0,44.04747255309031,1873.0,38.0,25.0,4.971108547897142,3.143444167348046
137,2025-08-18,8.0,NHS Devon ICB,2026.04.8,22.0,78.91002757797507,2.0,737.0,46.0,28.0,348.0,19.0,551.0,882.0,3.134702204925551,71.92260376503936,76.94850476677212,12.0,1127.0,205.0,42.09182964151624,1858.0,26.0,10.0,5.3677061230805005,3.245827097543492
138,2025-08-25,8.0,NHS Devon ICB,2026.04.8,18.0,84.42882544400067,0.0,726.0,37.0,40.0,333.0,18.0,467.0,796.0,3.8306857684974993,75.60260098952526,72.90190844460031,5.0,1153.0,214.0,39.76190434784344,1819.0,26.0,12.0,4.856653098882687,2.8011173655010544
139,2025-09-01,9.0,NHS Devon ICB,2026.04.8,30.0,83.92203588445877,2.0,721.0,61.0,31.0,295.0,10.0,382.0,702.0,4.804164949903617,70.15831733128101,73.26103587650137,20.0,1210.0,182.0,43.07641064711888,1788.0,20.0,7.0,5.185519265985899,2.6577454934058777
140,2025-09-08,9.0,NHS Devon ICB,2026.04.8,17.0,81.82241731058507,0.0,727.0,44.0,32.0,317.0,16.0,440.0,750.0,3.363933101798609,77.09804459470907,75.97883721684272,33.0,1168.0,170.0,40.81032468523573,1605.0,23.0,18.0,5.721875295482179,2.797616727780734
141,2025-09-15,9.0,NHS Devon ICB,2026.04.8,18.0,81.68033888581354,1.0,782.0,43.0,35.0,348.0,18.0,505.0,786.0,3.615481967442241,69.91019447709758,74.9858725553762,13.0,1107.0,252.0,44.10328801584525,1626.0,11.0,16.0,5.115183258842204,2.818399980019718
142,2025-09-22,9.0,NHS Devon ICB,2026.04.8,16.0,80.78811517902948,1.0,669.0,35.0,41.0,369.0,20.0,440.0,781.0,2.718878220612424,69.87941687455819,74.2335375654407,22.0,1066.0,197.0,41.37339584423451,1611.0,1.0,9.0,5.06897651319908,2.3882101117877936
143,2025-09-29,9.0,NHS Devon ICB,2026.04.8,12.0,81.05732261420802,1.0,731.0,57.0,43.0,343.0,22.0,476.0,794.0,3.737794931794928,71.06144568647666,77.43832312489248,9.0,1133.0,192.0,41.10161306837954,1859.0,20.0,9.0,4.483391709486942,3.648744971671283
144,2025-10-06,10.0,NHS Devon ICB,2026.04.8,11.0,81.00681746155395,1.0,697.0,55.0,43.0,371.0,,539.0,899.0,3.48179056649142,67.62221544562604,79.8309343837343,39.0,1293.0,185.0,42.27361341550319,1623.0,26.0,18.0,4.973058095430562,2.439676503181535
145,2025-10-13,10.0,NHS Devon ICB,2026.04.8,18.0,77.47751750201095,1.0,774.0,51.0,39.0,355.0,14.0,523.0,849.0,2.651613161047416,72.43860309818723,78.91195935501578,23.0,1135.0,228.0,45.089780242173845,1801.0,19.0,21.0,5.468001565694761,3.540574918941348
146,2025-10-20,10.0,NHS Devon ICB,2026.04.8,7.0,82.72061646514345,1.0,728.0,52.0,40.0,375.0,37.0,468.0,818.0,4.452364794165292,69.8386045628396,72.54083986842173,30.0,1262.0,229.0,43.325885881879564,1661.0,15.0,18.0,5.320389807032557,3.039605907373605
147,2025-10-27,10.0,NHS Devon ICB,2026.04.8,16.0,80.16156591922639,0.0,800.0,59.0,48.0,325.0,19.0,524.0,854.0,3.749559041506328,73.70157432080838,74.5374974391608,34.0,1180.0,229.0,42.62595677798264,1684.0,23.0,23.0,4.958003309387404,2.58516478170766
148,2025-11-03,11.0,NHS Devon ICB,2026.04.8,44.0,81.14483499932226,5.0,756.0,84.0,26.0,339.0,20.0,503.0,844.0,4.271693869336512,75.19853250625272,78.7926816374076,29.0,1313.0,187.0,41.63639856575791,1751.0,23.0,17.0,5.130229022976378,3.6295386962287353
149,2025-11-10,11.0,NHS Devon ICB,2026.04.8,17.0,82.89731837735947,2.0,750.0,78.0,43.0,439.0,28.0,545.0,989.0,4.631947668261491,70.40443171683673,76.69368827829683,36.0,1140.0,217.0,42.9017567127308,1806.0,29.0,25.0,5.289893074519834,3.3304051677433764
150,2025-11-17,11.0,NHS Devon ICB,2026.04.8,26.0,84.17314366527576,7.0,822.0,84.0,31.0,375.0,51.0,507.0,853.0,5.061895989182134,71.1274071694802,78.00229910441654,55.0,1133.0,193.0,38.36342703205031,1798.0,30.0,19.0,5.014335193491889,3.20017727348073
151,2025-11-24,11.0,NHS Devon ICB,2026.04.8,34.0,82.59083134786734,5.0,815.0,70.0,38.0,359.0,42.0,534.0,881.0,5.714997625036313,77.86085015442714,83.07605714475845,41.0,1192.0,236.0,,1673.0,18.0,17.0,4.999631159052112,3.39559894698344
152,2025-12-01,12.0,NHS Devon ICB,2026.04.8,38.0,84.8206369222473,7.0,854.0,62.0,46.0,318.0,11.0,599.0,908.0,4.1856837595224246,70.91202882526561,75.07270042200129,43.0,1194.0,176.0,46.75397567134269,1787.0,34.0,17.0,4.934426003428703,4.094317932010938
153,2025-12-08,12.0,NHS Devon ICB,2026.04.8,28.0,87.57644049517427,2.0,886.0,63.0,43.0,353.0,18.0,560.0,865.0,4.828066139673959,80.24907934515201,80.28830741840652,33.0,1254.0,195.0,41.49764585873364,1904.0,34.0,20.0,5.575666234601669,3.8099214158345376
154,2025-12-15,12.0,NHS Devon ICB,2026.04.8,35.0,82.46678154941488,4.0,841.0,84.0,42.0,342.0,41.0,522.0,847.0,5.201463035066112,75.20145894179238,77.3810923909094,29.0,1244.0,224.0,38.97317848422202,1917.0,12.0,19.0,5.145745295225408,3.8605679311444967
155,2025-12-22,12.0,NHS Devon ICB,2026.04.8,20.0,87.98637654828673,0.0,888.0,73.0,34.0,288.0,22.0,551.0,836.0,4.969802881852861,78.35616081333492,83.87360387091394,51.0,1132.0,229.0,43.73813889161557,1698.0,22.0,9.0,4.781829665977613,3.565517294860046
10,2023-03-13,3.0,NHS Nottingham and Nottinghamshire ICB,2026.04.8,155.0,98.45723288804513,9.0,1037.0,102.0,70.0,322.0,48.0,629.0,924.0,7.474524637310861,80.52109214595716,78.99810729494604,91.0,1209.0,277.0,35.70893695265841,2040.0,50.0,25.0,4.94250280459142,4.677104287509263
11,2023-03-20,3.0,NHS Nottingham and Nottinghamshire ICB,2026.04.8,149.0,97.07093715595757,4.0,1073.0,144.0,51.0,421.0,52.0,636.0,1019.0,7.686928787892302,83.3438786537556,78.73060247474386,76.0,1374.0,285.0,36.43496273302776,2027.0,54.0,20.0,6.075603263080239,5.611343268680358
12,2023-03-27,3.0,NHS Nottingham and Nottinghamshire ICB,2026.04.8,126.0,96.43170403879304,7.0,1004.0,133.0,89.0,383.0,54.0,625.0,985.0,7.585191143472996,84.11847351278922,81.87814398997214,75.0,1360.0,283.0,37.60938438341447,2059.0,36.0,22.0,5.910334901773014,5.021917336085959
13,2023-04-03,4.0,NHS Nottingham and Nottinghamshire ICB,2026.04.8,172.0,95.47387865951389,11.0,986.0,118.0,53.0,390.0,67.0,669.0,1037.0,7.737900861992999,77.34185727563268,84.77776059163301,100.0,1400.0,296.0,36.75143256258977,1985.0,57.0,27.0,5.610663602340127,5.97399994443966
14,2023-04-10,4.0,NHS Nottingham and Nottinghamshire ICB,2026.04.8,261.0,93.4915716514834,0.0,1063.0,168.0,60.0,372.0,65.0,646.0,1055.0,6.711860219241361,85.71897202154705,84.7816366641746,86.0,1310.0,285.0,36.05187322410926,2114.0,47.0,27.0,5.738509199866732,5.113840223196296
15,2023-04-17,4.0,NHS Nottingham and Nottinghamshire ICB,2026.04.8,254.0,97.80609540402128,12.0,980.0,154.0,59.0,406.0,56.0,602.0,1008.0,7.9585319646233454,77.33469413803853,85.65609902195948,87.0,1427.0,247.0,34.19801382956425,1833.0,38.0,28.0,5.94065862684985,5.399793753988365
16,2023-04-24,4.0,NHS Nottingham and Nottinghamshire ICB,2026.04.8,149.0,96.93169741023206,5.0,1024.0,134.0,78.0,390.0,67.0,703.0,1037.0,7.678962765865679,85.64860182962298,87.07589258525707,56.0,1310.0,270.0,36.51479328265848,2008.0,53.0,23.0,5.707662289179688,4.992332076887229
17,2023-05-01,5.0,NHS Nottingham and Nottinghamshire ICB,2026.04.8,,98.60647065872828,7.0,1072.0,96.0,66.0,399.0,62.0,738.0,1125.0,7.964673302264846,86.7797031397817,84.98753680528343,77.0,1420.0,315.0,35.38428288042133,2066.0,48.0,33.0,5.945244000277773,5.612884116204593
18,2023-05-08,5.0,NHS Nottingham and Nottinghamshire ICB,2026.04.8,154.0,100.75016621585613,10.0,1034.0,149.0,73.0,392.0,62.0,629.0,1003.0,7.25815896155931,84.86885913594824,85.14849924124334,51.0,1355.0,257.0,34.81716237097457,2193.0,49.0,25.0,5.715134632219979,5.833822499624162
19,2023-05-15,5.0,NHS Nottingham and Nottinghamshire ICB,2026.04.8,240.0,96.90063365545412,11.0,979.0,137.0,70.0,363.0,67.0,667.0,1009.0,10.477730145019065,88.77540015399038,82.41016267860024,60.0,1334.0,284.0,39.10932067900006,2106.0,53.0,29.0,5.635506562026175,4.606430736177413
20,2023-05-22,5.0,NHS Nottingham and Nottinghamshire ICB,2026.04.8,132.0,100.72394898034504,5.0,1021.0,133.0,82.0,372.0,57.0,664.0,1052.0,8.536677841671194,84.07185136788573,81.17889359995954,72.0,1348.0,287.0,37.99926638447396,2168.0,43.0,23.0,6.188556139385134,5.167025063547261
21,2023-05-29,5.0,NHS Nottingham and Nottinghamshire ICB,2026.04.8,163.0,100.6612857361676,6.0,992.0,124.0,86.0,404.0,53.0,645.0,1053.0,7.65860410906072,85.78630268713027,87.56796123256021,85.0,1442.0,295.0,34.147238181272435,2158.0,56.0,20.0,5.001970760643184,5.630113974356658
22,2023-06-05,6.0,NHS Nottingham and Nottinghamshire ICB,2026.04.8,187.0,93.85411080914602,8.0,1057.0,87.0,65.0,400.0,80.0,632.0,1040.0,9.544776274837004,87.68489980193029,87.18309501704242,73.0,1337.0,276.0,37.177364119783896,2199.0,57.0,25.0,5.661998737388673,5.632100668143089
23,2023-06-12,6.0,NHS Nottingham and Nottinghamshire ICB,2026.04.8,224.0,97.12795719290148,7.0,1069.0,125.0,65.0,362.0,70.0,676.0,1011.0,8.563909412775308,82.19063717257896,87.3629021891699,94.0,1420.0,256.0,34.88559513333874,2094.0,45.0,20.0,6.357068821827472,5.402326955720551
24,2023-06-19,6.0,NHS Nottingham and Nottinghamshire ICB,2026.04.8,251.0,95.28332411081882,11.0,1064.0,112.0,69.0,362.0,67.0,676.0,1035.0,8.23361787741461,83.65567986741873,82.3950277530396,68.0,1427.0,274.0,,2028.0,66.0,27.0,6.279990426897249,5.3425736055388535
25,2023-06-26,6.0,NHS Nottingham and Nottinghamshire ICB,2026.04.8,147.0,98.41965572457156,1.0,1036.0,100.0,78.0,380.0,39.0,612.0,946.0,8.472629640218223,86.96912000177974,83.25089143590972,64.0,1447.0,289.0,37.52354292867981,2068.0,52.0,26.0,5.53939217759564,4.527545235914182
26,2023-07-03,7.0,NHS Nottingham and Nottinghamshire ICB,2026.04.8,175.0,97.77473212776688,10.0,1040.0,117.0,67.0,351.0,62.0,679.0,1006.0,8.61232635721514,84.75595791761717,82.78016209614738,88.0,1471.0,261.0,38.89212026866928,2054.0,47.0,28.0,5.892938220817993,4.8861106842612125
27,2023-07-10,7.0,NHS Nottingham and Nottinghamshire ICB,2026.04.8,190.0,102.16991587106544,12.0,1026.0,135.0,80.0,407.0,81.0,660.0,1028.0,8.044784465325455,83.3200991308122,86.37863040778595,59.0,1430.0,275.0,30.072537657803856,2113.0,44.0,29.0,6.254597616714705,5.0190143807808525
28,2023-07-17,7.0,NHS Nottingham and Nottinghamshire ICB,2026.04.8,273.0,98.93591813854184,5.0,1075.0,103.0,65.0,429.0,57.0,651.0,1085.0,8.112948472977715,83.77822185003947,87.75926915419025,109.0,1427.0,303.0,34.805935966550464,2124.0,56.0,37.0,6.5449814026815,5.227084274346669
29,2023-07-24,7.0,NHS Nottingham and Nottinghamshire ICB,2026.04.8,205.0,99.54295915768306,8.0,1086.0,126.0,72.0,396.0,44.0,661.0,1061.0,8.45230394449702,78.25551720695262,87.59325870698693,81.0,1328.0,331.0,36.086542649586455,2116.0,41.0,22.0,6.176833426577238,5.443408965780184
30,2023-07-31,7.0,NHS Nottingham and Nottinghamshire ICB,2026.04.8,162.0,102.76545013612665,15.0,1140.0,90.0,80.0,487.0,70.0,669.0,1123.0,8.682094929223306,88.3930748072491,90.2377312607573,100.0,1391.0,258.0,37.082571392991134,2275.0,60.0,28.0,6.930524694304836,5.298578200144816
31,2023-08-07,8.0,NHS Nottingham and Nottinghamshire ICB,2026.04.8,189.0,100.28944384442693,10.0,1030.0,127.0,70.0,340.0,54.0,774.0,1136.0,7.464855743262935,81.13886816539106,85.51610410722378,88.0,1449.0,272.0,33.99172717376023,2079.0,46.0,31.0,6.3667820270633575,5.452827262793519
32,2023-08-14,8.0,NHS Nottingham and Nottinghamshire ICB,2026.04.8,202.0,97.03961604931422,12.0,1041.0,102.0,88.0,415.0,73.0,703.0,1076.0,8.044441852713252,84.21229419775554,85.14448573135157,87.0,1424.0,260.0,36.72576822962783,2191.0,57.0,28.0,5.8558892313996,5.686475106348564
33,2023-08-21,8.0,NHS Nottingham and Nottinghamshire ICB,2026.04.8,245.0,97.78010700913924,8.0,1043.0,151.0,74.0,434.0,85.0,689.0,1075.0,8.721651603774951,85.56480406150517,87.71547102698175,85.0,1328.0,258.0,33.57673348038457,2243.0,54.0,25.0,6.473223599984934,4.892230173954348
34,2023-08-28,8.0,NHS Nottingham and Nottinghamshire ICB,2026.04.8,214.0,100.80432538208746,9.0,1058.0,143.0,77.0,418.0,83.0,717.0,1124.0,9.106770770924092,87.89375603583922,86.28916834157964,77.0,1439.0,295.0,30.32361790112257,1925.0,51.0,25.0,5.836076318590607,5.228972928159059
35,2023-09-04,9.0,NHS Nottingham and Nottinghamshire ICB,2026.04.8,,99.73965651304886,4.0,1013.0,115.0,71.0,464.0,63.0,670.0,1109.0,9.319289113144182,85.13793179411593,90.69752844248988,61.0,1405.0,266.0,37.5125415722955,2114.0,37.0,32.0,5.669505811185223,5.1653551192131175
36,2023-09-11,9.0,NHS Nottingham and Nottinghamshire ICB,2026.04.8,186.0,102.72244715531131,10.0,1107.0,102.0,71.0,480.0,67.0,628.0,1066.0,8.231402688902682,81.83469290231308,84.82998171725906,83.0,1451.0,306.0,34.412827208320415,2071.0,55.0,21.0,6.36297292224597,5.535081244616557
37,2023-09-18,9.0,NHS Nottingham and Nottinghamshire ICB,2026.04.8,194.0,101.42133171184398,8.0,1027.0,151.0,82.0,374.0,62.0,686.0,1034.0,7.902297606742778,83.18680779568345,87.40337422488966,86.0,1380.0,270.0,34.49241534146123,2011.0,57.0,26.0,6.539054743763984,5.299953613234935
38,2023-09-25,9.0,NHS Nottingham and Nottinghamshire ICB,2026.04.8,260.0,96.90847470202785,8.0,1065.0,113.0,67.0,429.0,49.0,660.0,1065.0,9.056892682508908,92.77010868843745,89.16956952441939,78.0,1467.0,295.0,36.101297011395474,2361.0,59.0,23.0,6.157861373156126,4.476913071573764
39,2023-10-02,10.0,NHS Nottingham and Nottinghamshire ICB,2026.04.8,334.0,103.31838131996544,6.0,1078.0,113.0,72.0,418.0,88.0,715.0,1115.0,8.255179091989262,91.79105065966743,94.76781516118427,87.0,1443.0,292.0,31.84796467045417,2224.0,59.0,31.0,5.610721417413179,6.22153515474454
40,2023-10-09,10.0,NHS Nottingham and Nottinghamshire ICB,2026.04.8,204.0,98.78854524736892,8.0,1111.0,161.0,72.0,437.0,58.0,745.0,1116.0,9.639276035911283,85.48434727113225,87.39913804864833,102.0,1418.0,300.0,33.28020400434268,2167.0,55.0,28.0,6.27767352311825,5.726071130065799
41,2023-10-16,10.0,NHS Nottingham and Nottinghamshire ICB,2026.04.8,300.0,102.670220467029,8.0,1071.0,130.0,91.0,409.0,72.0,734.0,1116.0,9.939769986518456,83.6599652199479,93.8169244090155,108.0,1526.0,283.0,34.005961587246574,2237.0,46.0,28.0,5.807514379846499,6.310826237453114
42,2023-10-23,10.0,NHS Nottingham and Nottinghamshire ICB,2026.04.8,260.0,98.66672704387229,5.0,1078.0,151.0,77.0,430.0,69.0,698.0,1153.0,10.145053986795752,89.53282148662953,85.466252900104,93.0,1408.0,272.0,34.477249946606314,2259.0,56.0,33.0,6.692131383473286,5.499175929304624
43,2023-10-30,10.0,NHS Nottingham and Nottinghamshire ICB,2026.04.8,233.0,100.511971836858,12.0,1015.0,100.0,77.0,437.0,75.0,694.0,1137.0,8.760632066806254,91.33399674512265,88.9292443393583,67.0,1333.0,283.0,33.929634147375594,2084.0,52.0,22.0,5.73155442850898,6.193029021608487
44,2023-11-06,11.0,NHS Nottingham and Nottinghamshire ICB,2026.04.8,216.0,97.97151140620662,10.0,1068.0,139.0,70.0,415.0,71.0,636.0,987.0,7.7178363890882995,81.58148176905853,87.22314864150927,103.0,1267.0,296.0,36.46774941115254,2071.0,55.0,26.0,6.053376332194264,5.583912205636284
45,2023-11-13,11.0,NHS Nottingham and Nottinghamshire ICB,2026.04.8,262.0,103.75819809194051,3.0,1068.0,151.0,86.0,410.0,75.0,652.0,985.0,8.40287818299545,83.62924353297328,93.01957595575357,74.0,1370.0,336.0,37.67900492770273,2059.0,68.0,30.0,5.915438058617768,4.814481298739737
46,2023-11-20,11.0,NHS Nottingham and Nottinghamshire ICB,2026.04.8,185.0,98.6665923426518,9.0,1115.0,180.0,95.0,453.0,85.0,673.0,1140.0,8.200759141252988,80.81768179796155,91.3268201693431,98.0,1412.0,292.0,38.87902272948593,2178.0,42.0,19.0,6.152975017644206,5.524083751860951
47,2023-11-27,11.0,NHS Nottingham and Nottinghamshire ICB,2026.04.8,,103.09988497684228,5.0,1123.0,172.0,88.0,424.0,77.0,667.0,1084.0,10.54232636849412,86.80140212384741,89.32313252512083,85.0,1460.0,317.0,31.527729735647767,2172.0,54.0,26.0,5.944720180685573,5.533240477993991
48,2023-12-04,12.0,NHS Nottingham and Nottinghamshire ICB,2026.04.8,236.0,106.20447793747306,6.0,1038.0,84.0,66.0,400.0,64.0,652.0,1015.0,7.779410785670852,92.6472133965851,88.06855086277561,101.0,1463.0,288.0,35.033607537940924,2086.0,74.0,30.0,6.073433909525645,5.867545913850077
49,2023-12-11,12.0,NHS Nottingham and Nottinghamshire ICB,2026.04.8,369.0,100.3225190766646,7.0,1104.0,81.0,89.0,438.0,79.0,720.0,1172.0,10.3419323367723,91.16588115411376,90.228323036529,99.0,1410.0,280.0,34.72264468204352,2203.0,70.0,23.0,5.819296355447963,6.467859948036017
50,2023-12-18,12.0,NHS Nottingham and Nottinghamshire ICB,2026.04.8,,102.6449935712304,9.0,1083.0,92.0,76.0,384.0,79.0,708.0,1080.0,10.45978389113721,88.94454434601492,90.18596073668824,84.0,1390.0,315.0,34.22568386765414,2012.0,45.0,22.0,5.953003150124018,5.956808599460628
51,2023-12-25,12.0,NHS Nottingham and Nottinghamshire ICB,2026.04.8,360.0,99.5485215853036,8.0,1122.0,130.0,76.0,485.0,71.0,779.0,1244.0,9.948357787144303,89.69236730199023,82.37199385898596,105.0,1422.0,322.0,34.72996968069052,2181.0,59.0,30.0,5.654324597141052,5.337161628935031
52,2024-01-01,1.0,NHS Nottingham and Nottinghamshire ICB,2026.04.8,240.0,98.04060461240448,11.0,1117.0,139.0,94.0,402.0,79.0,685.0,1093.0,9.53334317348495,86.46552382025696,94.27820905201108,73.0,1513.0,299.0,32.79405411569002,2071.0,57.0,22.0,5.525511950660762,5.743407916033343
53,2024-01-08,1.0,NHS Nottingham and Nottinghamshire ICB,2026.04.8,300.0,104.54567128594326,11.0,1051.0,138.0,83.0,463.0,51.0,671.0,1143.0,9.733297984375351,82.99381871862751,93.30720989658325,87.0,1502.0,257.0,34.83472257438785,1928.0,53.0,27.0,6.017028111118515,5.715412906555311
54,2024-01-15,1.0,NHS Nottingham and Nottinghamshire ICB,2026.04.8,206.0,104.36079974238196,11.0,1090.0,123.0,83.0,430.0,69.0,731.0,1179.0,9.46545427668114,87.20332102567897,88.0420766016043,110.0,1384.0,277.0,38.27976410630905,2068.0,60.0,25.0,6.280490869719162,6.948156598396842
55,2024-01-22,1.0,NHS Nottingham and Nottinghamshire ICB,2026.04.8,302.0,97.1881670446801,7.0,1075.0,138.0,72.0,414.0,68.0,713.0,1099.0,7.346467079517783,87.4810498059801,86.27966856217829,112.0,1469.0,317.0,34.244547392873265,2316.0,67.0,39.0,6.422595924656238,5.657957570905567
56,2024-01-29,1.0,NHS Nottingham and Nottinghamshire ICB,2026.04.8,487.0,100.58555221519008,11.0,1115.0,113.0,80.0,454.0,72.0,673.0,1108.0,9.728147373891192,87.32691818866203,88.68643693022476,103.0,1425.0,290.0,34.47250997257202,2272.0,44.0,30.0,5.730433313728161,6.534828041964815
57,2024-02-05,2.0,NHS Nottingham and Nottinghamshire ICB,2026.04.8,,102.130698666899,6.0,1088.0,144.0,73.0,383.0,81.0,694.0,1045.0,9.269430263597933,91.35878607228211,89.86861638362764,80.0,1505.0,312.0,37.20339542892272,2070.0,65.0,27.0,6.007589024533937,5.963394007025582
58,2024-02-12,2.0,NHS Nottingham and Nottinghamshire ICB,2026.04.8,401.0,100.15846144791992,6.0,1113.0,152.0,80.0,382.0,67.0,753.0,1081.0,8.793589921395506,88.29250228112211,88.97301094701476,71.0,1385.0,284.0,35.14036317835393,2046.0,60.0,29.0,6.324169319696397,6.00966879438632
59,2024-02-19,2.0,NHS Nottingham and Nottinghamshire ICB,2026.04.8,527.0,104.17506486822178,7.0,1130.0,174.0,71.0,446.0,72.0,748.0,1193.0,10.574615172528269,88.00227497774961,91.85969888134622,114.0,1486.0,318.0,33.61333545005707,2190.0,54.0,23.0,6.312399309497794,6.190437758672462
60,2024-02-26,2.0,NHS Nottingham and Nottinghamshire ICB,2026.04.8,482.0,102.5214663904018,9.0,1179.0,167.0,93.0,439.0,64.0,728.0,1136.0,9.935531309511726,90.69167080599912,90.3413660589718,99.0,1346.0,298.0,33.57113929999195,2173.0,66.0,28.0,6.280812280814816,6.48624531976793
61,2024-03-04,3.0,NHS Nottingham and Nottinghamshire ICB,2026.04.8,308.0,94.69765121161667,7.0,1052.0,151.0,80.0,460.0,84.0,681.0,1118.0,9.977928763762032,90.66265491273104,94.06074254629218,104.0,1447.0,323.0,33.51680925813716,2305.0,70.0,26.0,5.459659464682818,5.969520209691681
62,2024-03-11,3.0,NHS Nottingham and Nottinghamshire ICB,2026.04.8,383.0,104.49994339827096,9.0,1167.0,106.0,80.0,421.0,64.0,640.0,1009.0,9.667591975478212,82.06919910530922,88.89179031147701,89.0,1394.0,313.0,34.61352666825364,2242.0,56.0,28.0,6.524621884460309,5.855031706036093
63,2024-03-18,3.0,NHS Nottingham and Nottinghamshire ICB,2026.04.8,469.0,102.59157052927826,5.0,1124.0,109.0,78.0,464.0,70.0,719.0,1157.0,9.157154945471447,89.94606570755474,89.8752787453118,106.0,1396.0,285.0,30.21846164190481,2103.0,65.0,27.0,6.099952692579304,5.373284392901091
64,2024-03-25,3.0,NHS Nottingham and Nottinghamshire ICB,2026.04.8,395.0,97.21364656447398,5.0,1073.0,130.0,92.0,430.0,82.0,705.0,1129.0,9.156045462478389,84.53423016006431,88.33764324782972,88.0,1448.0,250.0,34.69065825596374,2058.0,53.0,38.0,5.867520270380613,6.228385969282954
65,2024-04-01,4.0,NHS Nottingham and Nottinghamshire ICB,2026.04.8,345.0,101.1235115239828,6.0,1111.0,139.0,81.0,395.0,61.0,677.0,1016.0,8.34065660216204,94.53894776889896,82.9694669141722,83.0,1440.0,282.0,31.66718114529969,2227.0,60.0,34.0,6.610967125559467,5.684979947653088
66,2024-04-08,4.0,NHS Nottingham and Nottinghamshire ICB,2026.04.8,,103.0605174746045,14.0,1010.0,131.0,81.0,386.0,81.0,647.0,1011.0,8.188148502227621,87.13924767882122,90.57178507417724,104.0,1396.0,302.0,31.047165199089747,2149.0,63.0,28.0,6.6880604810547375,5.046731942932304
67,2024-04-15,4.0,NHS Nottingham and Nottinghamshire ICB,2026.04.8,351.0,101.71186245677872,12.0,1123.0,97.0,93.0,388.0,70.0,665.0,1030.0,8.946954570503918,86.15518680309476,90.68357728941034,96.0,1409.0,323.0,29.686313479030414,2124.0,68.0,25.0,6.344602583668509,6.97182952072219
68,2024-04-22,4.0,NHS Nottingham and Nottinghamshire ICB,2026.04.8,445.0,105.63973588089308,7.0,1086.0,142.0,72.0,394.0,58.0,681.0,1070.0,7.945115722923665,86.01826004121975,97.90286234165704,105.0,1499.0,315.0,32.92236749984105,2197.0,57.0,26.0,6.1213599673622845,5.810772788486374
69,2024-04-29,4.0,NHS Nottingham and Nottinghamshire ICB,2026.04.8,289.0,99.1327103737106,6.0,1133.0,152.0,78.0,392.0,70.0,707.0,1101.0,9.083940589731348,85.97486808740146,84.71216692743067,90.0,1303.0,283.0,33.76877417708855,2136.0,44.0,33.0,6.137773529671296,5.250723272411242
70,2024-05-06,5.0,NHS Nottingham and Nottinghamshire ICB,2026.04.8,241.0,102.39649267210612,4.0,1096.0,156.0,74.0,406.0,72.0,699.0,1102.0,9.490964597253836,82.92225351664652,91.0862572058606,77.0,1409.0,285.0,33.09158096225546,2042.0,63.0,32.0,6.2500848540488025,5.760089955649463
71,2024-05-13,5.0,NHS Nottingham and Nottinghamshire ICB,2026.04.8,196.0,100.72015963261704,4.0,1041.0,147.0,68.0,402.0,54.0,677.0,1023.0,8.996436518956884,86.26004603770889,86.68671065059654,85.0,1466.0,282.0,34.31237999843146,2060.0,56.0,23.0,6.283448564196384,6.002323811399284
72,2024-05-20,5.0,NHS Nottingham and Nottinghamshire ICB,2026.04.8,423.0,99.20230763592504,13.0,1062.0,160.0,74.0,383.0,70.0,700.0,1072.0,9.330342022875064,86.60625990873783,87.87712924780917,85.0,1441.0,308.0,40.86188082653184,2108.0,63.0,28.0,6.173647802351408,5.894283903993222
73,2024-05-27,5.0,NHS Nottingham and Nottinghamshire ICB,2026.04.8,271.0,99.6002014977642,6.0,1124.0,115.0,76.0,393.0,76.0,705.0,1053.0,8.738429220085997,89.10785131304553,88.88568026188464,108.0,1359.0,349.0,33.8628478378788,2225.0,58.0,26.0,6.212298658952577,5.995906248917611
74,2024-06-03,6.0,NHS Nottingham and Nottinghamshire ICB,2026.04.8,254.0,101.98046935468015,7.0,1098.0,114.0,85.0,395.0,86.0,739.0,1134.0,9.940722549879776,86.800712819999,82.17328874725172,89.0,1371.0,308.0,33.072684457296006,2156.0,69.0,26.0,6.054313482385275,4.53667814930408
75,2024-06-10,6.0,NHS Nottingham and Nottinghamshire ICB,2026.04.8,304.0,98.96032206527484,6.0,1155.0,123.0,80.0,366.0,74.0,675.0,1000.0,9.223493171371263,79.084485485882,92.6664827171889,85.0,1536.0,306.0,33.56564748167319,2176.0,51.0,27.0,6.376308708320458,5.798856223214034
76,2024-06-17,6.0,NHS Nottingham and Nottinghamshire ICB,2026.04.8,303.0,101.3015017055378,5.0,1101.0,144.0,71.0,399.0,,751.0,1108.0,8.882154544592858,94.98141663930066,87.55047865044097,94.0,1415.0,292.0,32.73540617681692,2236.0,63.0,25.0,5.982428277017792,5.351423417875711
77,2024-06-24,6.0,NHS Nottingham and Nottinghamshire ICB,2026.04.8,331.0,100.49481399892063,11.0,1123.0,131.0,87.0,425.0,75.0,729.0,1204.0,9.008358488055984,80.38925751439014,87.27969932184202,93.0,1389.0,322.0,31.84288306614958,2279.0,57.0,23.0,6.031706241197496,6.236325830062409
78,2024-07-01,7.0,NHS Nottingham and Nottinghamshire ICB,2026.04.8,475.0,102.1504942575574,6.0,1113.0,127.0,77.0,425.0,77.0,729.0,1114.0,9.313743782376156,82.16848237664483,81.43572948021784,104.0,1475.0,329.0,30.8901179206482,2287.0,76.0,27.0,5.753710077358985,5.764740353365651
79,2024-07-08,7.0,NHS Nottingham and Nottinghamshire ICB,2026.04.8,380.0,109.45800286787792,13.0,1161.0,159.0,81.0,437.0,84.0,750.0,1196.0,8.877890889856447,87.98334336033041,86.8795858559351,108.0,1459.0,346.0,34.62264905647635,2270.0,37.0,30.0,6.071304591600559,6.188177933837623
80,2024-07-15,7.0,NHS Nottingham and Nottinghamshire ICB,2026.04.8,296.0,105.59641682258544,8.0,1112.0,107.0,81.0,452.0,80.0,697.0,1127.0,10.140310573004523,87.63958027754336,88.24384033398371,101.0,1393.0,321.0,32.42716187609232,2141.0,42.0,30.0,5.879323928877476,5.847423615504664
81,2024-07-22,7.0,NHS Nottingham and Nottinghamshire ICB,2026.04.8,407.0,98.75448226006772,10.0,1138.0,154.0,86.0,474.0,78.0,681.0,1134.0,9.514074610832798,91.41908574434952,89.25520891397255,96.0,1501.0,300.0,,2164.0,65.0,28.0,6.144924961209116,5.455239015666706
82,2024-07-29,7.0,NHS Nottingham and Nottinghamshire ICB,2026.04.8,368.0,104.83767769609858,11.0,1136.0,149.0,78.0,411.0,66.0,788.0,1141.0,9.677620688155349,81.64774732932894,86.38835220257705,75.0,1468.0,270.0,33.30715007850021,2172.0,70.0,29.0,5.888648298792058,5.554956608217042
83,2024-08-05,8.0,NHS Nottingham and Nottinghamshire ICB,2026.04.8,236.0,97.35539273479574,9.0,1207.0,170.0,74.0,439.0,76.0,689.0,1137.0,7.719350464230081,82.64999194750543,88.70563117632067,107.0,1393.0,326.0,33.606571592511216,2154.0,71.0,33.0,6.134667897103222,5.458255109118058
84,2024-08-12,8.0,NHS Nottingham and Nottinghamshire ICB,2026.04.8,231.0,101.61367424624969,11.0,1175.0,142.0,81.0,406.0,52.0,663.0,1051.0,8.169448027474493,84.15174046398691,89.65074739449175,106.0,1259.0,287.0,31.47971364632123,2063.0,57.0,32.0,6.436420025154702,6.044644885051281
85,2024-08-19,8.0,NHS Nottingham and Nottinghamshire ICB,2026.04.8,158.0,102.87636707519955,13.0,1104.0,130.0,69.0,417.0,69.0,686.0,1045.0,9.139370546508482,87.44250709217918,90.8206464131692,75.0,1378.0,306.0,34.19459559327428,2114.0,57.0,32.0,6.189105306093242,5.638296439693924
86,2024-08-26,8.0,NHS Nottingham and Nottinghamshire ICB,2026.04.8,207.0,99.1710167362466,5.0,1051.0,147.0,70.0,387.0,68.0,698.0,1041.0,9.269595329275257,87.42041456530407,90.17482978765294,92.0,1453.0,276.0,35.20666484541704,1955.0,44.0,32.0,5.690194401299335,5.488781879395349
87,2024-09-02,9.0,NHS Nottingham and Nottinghamshire ICB,2026.04.8,165.0,100.2479939900738,7.0,1077.0,110.0,77.0,346.0,79.0,669.0,967.0,7.32204061432181,86.78513873451135,84.47667486794423,78.0,1370.0,308.0,35.22198922013332,2065.0,40.0,31.0,6.402172942185784,5.105674199261467
88,2024-09-09,9.0,NHS Nottingham and Nottinghamshire ICB,2026.04.8,242.0,100.41900834430464,6.0,1066.0,159.0,72.0,373.0,66.0,720.0,1091.0,6.3143282174260165,79.69398167311464,84.20838116774063,89.0,1458.0,255.0,36.54297737802155,2127.0,44.0,19.0,5.524438487253084,5.277408911165939
89,2024-09-16,9.0,NHS Nottingham and Nottinghamshire ICB,2026.04.8,105.0,103.68730043836251,8.0,1018.0,121.0,83.0,358.0,42.0,674.0,1023.0,7.2361863102995745,86.10340759717143,86.40288302632088,80.0,1370.0,253.0,37.170970041480416,2186.0,55.0,24.0,6.127074373185725,4.842229358165155
90,2024-09-23,9.0,NHS Nottingham and Nottinghamshire ICB,2026.04.8,132.0,97.71822966092164,5.0,1128.0,133.0,70.0,406.0,44.0,633.0,1005.0,9.291943861629615,86.78536592424109,92.30130391291284,48.0,1447.0,297.0,34.098525943411694,2140.0,58.0,29.0,5.902749222224733,5.113684568585982
91,2024-09-30,9.0,NHS Nottingham and Nottinghamshire ICB,2026.04.8,160.0,96.52595124325286,8.0,1034.0,115.0,65.0,407.0,59.0,670.0,1043.0,7.755272849264054,85.12717290965732,86.22301223951642,83.0,1319.0,297.0,34.71409844912465,2094.0,49.0,24.0,5.458974701103274,5.205875352585559
92,2024-10-07,10.0,NHS Nottingham and Nottinghamshire ICB,2026.04.8,125.0,97.50157931648695,8.0,1074.0,142.0,72.0,427.0,54.0,633.0,1027.0,8.164552612686663,81.53184527391748,82.37873238825706,85.0,1332.0,288.0,37.6462897888382,2224.0,53.0,28.0,5.711205755819939,4.8590534841576005
93,2024-10-14,10.0,NHS Nottingham and Nottinghamshire ICB,2026.04.8,237.0,99.58857247433812,7.0,974.0,93.0,58.0,383.0,54.0,639.0,981.0,8.180100410485391,87.49916911912612,90.27160918595398,73.0,1449.0,280.0,,2153.0,37.0,29.0,5.810106154633279,5.376581145416851
94,2024-10-21,10.0,NHS Nottingham and Nottinghamshire ICB,2026.04.8,239.0,100.0498938255716,6.0,1075.0,107.0,71.0,388.0,62.0,669.0,971.0,8.68689234374879,89.48993485354572,86.8685603396114,80.0,1495.0,263.0,35.55787049593501,2122.0,53.0,17.0,6.473760579697941,5.033403055817262
95,2024-10-28,10.0,NHS Nottingham and Nottinghamshire ICB,2026.04.8,183.0,91.82989244951538,6.0,987.0,98.0,74.0,405.0,45.0,636.0,1032.0,9.04715458451622,86.5159210418248,88.19211509113268,67.0,1303.0,269.0,36.662327696600336,1978.0,73.0,29.0,5.937647508662013,4.935174665156299
96,2024-11-04,11.0,NHS Nottingham and Nottinghamshire ICB,2026.04.8,201.0,99.00609637893989,7.0,1058.0,120.0,73.0,425.0,59.0,745.0,1178.0,8.284967489381623,81.8632652946049,85.31154152351053,75.0,1353.0,280.0,35.49072492548553,2258.0,56.0,24.0,6.248619724571178,5.543440875603165
97,2024-11-11,11.0,NHS Nottingham and Nottinghamshire ICB,2026.04.8,238.0,104.13306725805649,3.0,1095.0,153.0,78.0,395.0,72.0,689.0,1033.0,8.998630680803961,83.28335360492052,87.69965822040551,93.0,1355.0,255.0,33.758231101911136,2098.0,37.0,24.0,6.23316788473536,5.556382757496151
98,2024-11-18,11.0,NHS Nottingham and Nottinghamshire ICB,2026.04.8,237.0,102.17865658947755,10.0,1025.0,123.0,80.0,448.0,59.0,637.0,1075.0,6.872549558403007,84.83938282248033,80.77028024201384,73.0,1526.0,278.0,38.383711642747954,2118.0,61.0,28.0,5.98167276030695,6.187833893766443
99,2024-11-25,11.0,NHS Nottingham and Nottinghamshire ICB,2026.04.8,166.0,100.9470416312838,11.0,1000.0,133.0,75.0,368.0,67.0,694.0,1037.0,8.48336788662774,83.53099224604,90.64633145997789,80.0,1465.0,330.0,33.93701134652006,2095.0,79.0,23.0,6.049076695288759,6.109437120881306
100,2024-12-02,12.0,NHS Nottingham and Nottinghamshire ICB,2026.04.8,206.0,101.77055486487914,7.0,1035.0,159.0,82.0,433.0,41.0,624.0,1040.0,8.207786658498069,86.80787944623985,87.17072148657785,68.0,1291.0,266.0,35.84019656530595,2209.0,40.0,23.0,5.752203424158803,5.409321794295219
101,2024-12-09,12.0,NHS Nottingham and Nottinghamshire ICB,2026.04.8,143.0,100.33460642016892,8.0,1053.0,150.0,76.0,467.0,66.0,687.0,1137.0,8.602961973085787,77.79633823709521,88.5607676722965,93.0,1355.0,313.0,34.14430299636243,2107.0,49.0,25.0,6.27195309773724,6.060304412535817
102,2024-12-16,12.0,NHS Nottingham and Nottinghamshire ICB,2026.04.8,184.0,97.93782917681447,11.0,1008.0,118.0,76.0,373.0,,704.0,1066.0,8.782709499565925,86.57232351028307,87.28852089367832,99.0,1315.0,305.0,34.29609833567871,2075.0,50.0,29.0,5.709447639134229,5.7891395315406005
103,2024-12-23,12.0,NHS Nottingham and Nottinghamshire ICB,2026.04.8,255.0,96.52411977633284,5.0,1041.0,132.0,71.0,402.0,54.0,653.0,1043.0,7.97007976536593,84.24076757522185,92.14464693092732,94.0,1331.0,254.0,,2051.0,43.0,21.0,6.1502892389761055,5.958414861801748
104,2024-12-30,12.0,NHS Nottingham and Nottinghamshire ICB,2026.04.8,370.0,102.22979829358412,4.0,1098.0,120.0,76.0,381.0,80.0,682.0,1019.0,8.318120329616125,84.68464096358919,90.5691285473694,95.0,1418.0,264.0,38.34788028307857,2069.0,45.0,23.0,6.006176907001848,5.926986024282083
105,2025-01-06,1.0,NHS Nottingham and Nottinghamshire ICB,2026.04.8,289.0,102.80259412315752,6.0,1074.0,133.0,77.0,368.0,52.0,698.0,1061.0,9.334637630993804,83.65727860421227,88.74654695412471,78.0,1406.0,300.0,37.982215329768415,2203.0,53.0,21.0,6.062137126674456,6.008036105464041
106,2025-01-13,1.0,NHS Nottingham and Nottinghamshire ICB,2026.04.8,212.0,105.72503844609103,4.0,1190.0,127.0,75.0,464.0,65.0,671.0,1116.0,8.411013183082044,87.82662411455472,85.92728276616768,90.0,1407.0,309.0,32.58568512929916,2177.0,47.0,21.0,6.162007016235966,6.138428471817979
107,2025-01-20,1.0,NHS Nottingham and Nottinghamshire ICB,2026.04.8,269.0,97.84949442816044,7.0,1046.0,122.0,77.0,372.0,69.0,703.0,1028.0,7.414811506128793,84.48787258204403,80.5698711193164,99.0,1373.0,259.0,34.87469081617058,2194.0,63.0,32.0,5.6360547593073695,5.518091729428883
108,2025-01-27,1.0,NHS Nottingham and Nottinghamshire ICB,2026.04.8,206.0,96.969774819691,10.0,1037.0,134.0,73.0,369.0,81.0,657.0,1014.0,8.512903333847381,83.1453281325892,86.34064193956915,78.0,1395.0,296.0,32.449263785259205,2062.0,71.0,22.0,6.482298216102119,5.873044551443647
109,2025-02-03,2.0,NHS Nottingham and Nottinghamshire ICB,2026.04.8,128.0,99.84728846619004,8.0,1036.0,126.0,83.0,437.0,73.0,672.0,1053.0,8.019201769844768,84.47310799410103,90.03733675066296,83.0,1375.0,283.0,37.1503219232688,2265.0,48.0,29.0,5.792745827787519,5.8101382680615785
110,2025-02-10,2.0,NHS Nottingham and Nottinghamshire ICB,2026.04.8,327.0,100.27721277102304,8.0,1122.0,159.0,72.0,377.0,69.0,606.0,982.0,8.320633388274679,81.64725835889735,89.65571775065439,92.0,1404.0,341.0,34.98096969299906,2201.0,59.0,25.0,5.514046672311849,5.739048022851196
111,2025-02-17,2.0,NHS Nottingham and Nottinghamshire ICB,2026.04.8,356.0,99.91679946462934,7.0,1103.0,124.0,65.0,415.0,47.0,682.0,1075.0,9.586472772066957,81.26507200645335,87.03054289301498,78.0,1372.0,261.0,35.66059475494159,2208.0,74.0,28.0,6.366153105371043,5.852887416894878
112,2025-02-24,2.0,NHS Nottingham and Nottinghamshire ICB,2026.04.8,299.0,103.97642907030672,7.0,1049.0,82.0,72.0,414.0,55.0,647.0,1076.0,8.728382974441221,89.06908273231069,88.71511755983757,77.0,1469.0,309.0,33.29034290920012,2189.0,73.0,25.0,6.316508919515966,5.1863470926095125
113,2025-03-03,3.0,NHS Nottingham and Nottinghamshire ICB,2026.04.8,211.0,103.50706007987957,7.0,1099.0,159.0,78.0,454.0,58.0,666.0,1117.0,7.421843705864369,84.15690154745008,84.12574981227388,75.0,1434.0,302.0,38.126892330984056,1995.0,67.0,24.0,5.834201328244881,6.373360418290078
114,2025-03-10,3.0,NHS Nottingham and Nottinghamshire ICB,2026.04.8,251.0,94.25443317075282,10.0,1100.0,141.0,97.0,382.0,78.0,645.0,963.0,9.156822270816424,88.90030461512029,87.73687156313792,85.0,1381.0,282.0,37.81649922326787,2191.0,43.0,18.0,5.684754833189652,5.921296955607263
115,2025-03-17,3.0,NHS Nottingham and Nottinghamshire ICB,2026.04.8,332.0,103.2156856740776,8.0,1073.0,149.0,79.0,381.0,77.0,664.0,1048.0,9.582453060994853,81.54635523546936,92.69357374755398,79.0,1410.0,340.0,32.60877175685366,2189.0,60.0,32.0,6.384921680751575,5.054394547922152
116,2025-03-24,3.0,NHS Nottingham and Nottinghamshire ICB,2026.04.8,298.0,98.78127009629245,9.0,1086.0,149.0,70.0,447.0,70.0,678.0,1132.0,8.459625743720332,85.86769075171433,87.97473706876887,89.0,1507.0,274.0,37.71248906822935,2144.0,55.0,21.0,5.565401166705876,6.144457008674448
117,2025-03-31,3.0,NHS Nottingham and Nottinghamshire ICB,2026.04.8,414.0,102.8424906088015,10.0,1097.0,131.0,64.0,406.0,72.0,680.0,1069.0,8.835467685991233,88.85420223117245,86.54656519708719,92.0,1297.0,279.0,38.95779875517198,2102.0,41.0,26.0,6.39625573745877,6.27221919943362
118,2025-04-07,4.0,NHS Nottingham and Nottinghamshire ICB,2026.04.8,285.0,96.31085468791676,6.0,1115.0,103.0,72.0,442.0,80.0,701.0,1113.0,8.249136780414714,80.76393766068064,85.42677237106757,75.0,1376.0,281.0,38.46973226357431,2146.0,64.0,29.0,6.462552079167074,5.333908474545019
119,2025-04-14,4.0,NHS Nottingham and Nottinghamshire ICB,2026.04.8,189.0,103.6719312480268,5.0,1051.0,110.0,88.0,385.0,88.0,641.0,976.0,8.479135866796115,86.48867700185305,84.95368162747579,91.0,1315.0,316.0,34.50644907110003,2294.0,45.0,30.0,6.260109454993218,5.235126576952623
120,2025-04-21,4.0,NHS Nottingham and Nottinghamshire ICB,2026.04.8,208.0,96.2584800244446,14.0,1020.0,119.0,72.0,480.0,64.0,658.0,1105.0,9.275789493544142,83.88128900369645,83.33359947405373,96.0,1349.0,310.0,32.76939994988892,2143.0,62.0,29.0,5.685475461607544,6.140863306760984
121,2025-04-28,4.0,NHS Nottingham and Nottinghamshire ICB,2026.04.8,299.0,104.02835670567262,6.0,1114.0,131.0,76.0,381.0,64.0,656.0,1056.0,8.75699845021609,88.29770146943149,85.17763767159323,96.0,1508.0,299.0,35.05348988884726,2081.0,69.0,19.0,6.307789200995408,5.395911897285853
122,2025-05-05,5.0,NHS Nottingham and Nottinghamshire ICB,2026.04.8,262.0,98.32241093679887,8.0,1002.0,178.0,78.0,343.0,62.0,747.0,1068.0,8.2727095219704,82.55271036662856,89.40772688371199,62.0,1369.0,315.0,33.44919706427322,2181.0,49.0,29.0,6.088608698894793,5.46053177425031
123,2025-05-12,5.0,NHS Nottingham and Nottinghamshire ICB,2026.04.8,360.0,96.46720543625122,7.0,1007.0,84.0,58.0,403.0,73.0,666.0,1036.0,10.333740015104542,89.01000227996659,90.09951030335472,86.0,1473.0,295.0,33.021612423578496,2140.0,69.0,29.0,5.83866025482932,4.918889767339679
124,2025-05-19,5.0,NHS Nottingham and Nottinghamshire ICB,2026.04.8,345.0,101.08761862420492,6.0,1116.0,126.0,90.0,455.0,83.0,683.0,1089.0,8.697418056022643,87.67806869213533,90.45996198930467,87.0,1473.0,327.0,37.122902893350926,2050.0,50.0,26.0,5.959338550467008,5.6167064490455605
125,2025-05-26,5.0,NHS Nottingham and Nottinghamshire ICB,2026.04.8,244.0,101.42541002279258,7.0,1075.0,108.0,85.0,431.0,70.0,739.0,1124.0,8.685859076788624,92.13454224341264,87.52691282901313,100.0,1369.0,300.0,29.86406267209765,2151.0,54.0,31.0,5.987299036942079,4.958155634190876
126,2025-06-02,6.0,NHS Nottingham and Nottinghamshire ICB,2026.04.8,319.0,104.28209930056344,7.0,1074.0,170.0,86.0,406.0,75.0,682.0,1065.0,8.757504924603639,92.35084583486288,89.51470833420902,117.0,1483.0,331.0,33.199875364595535,2182.0,66.0,32.0,6.165193065876727,6.100179316350913
127,2025-06-09,6.0,NHS Nottingham and Nottinghamshire ICB,2026.04.8,,101.86535569747622,11.0,1063.0,132.0,83.0,424.0,61.0,667.0,1094.0,8.849192014379366,87.67719370588176,85.50940604760495,86.0,1434.0,319.0,33.83625664284771,2126.0,73.0,23.0,6.251657757204858,5.485676061380234
128,2025-06-16,6.0,NHS Nottingham and Nottinghamshire ICB,2026.04.8,276.0,104.56366378924656,13.0,1068.0,126.0,87.0,409.0,65.0,665.0,1036.0,8.146315805138702,89.450938585694,85.16897498278095,92.0,1455.0,303.0,36.24751845558353,2292.0,64.0,31.0,6.075370389361037,5.6392712731540975
129,2025-06-23,6.0,NHS Nottingham and Nottinghamshire ICB,2026.04.8,298.0,104.82246344606487,12.0,1032.0,121.0,90.0,428.0,78.0,727.0,1125.0,9.805390469754297,93.76948467236636,87.14125679171431,109.0,1489.0,314.0,35.32677472614758,2312.0,53.0,33.0,6.450846377843916,6.09215059422792
130,2025-06-30,6.0,NHS Nottingham and Nottinghamshire ICB,2026.04.8,322.0,102.19351414545386,10.0,1189.0,171.0,86.0,407.0,79.0,739.0,1158.0,10.357455779872607,92.04705328341068,89.1120979440393,106.0,1453.0,306.0,31.921877720509222,2268.0,72.0,29.0,5.998974519659596,6.005466401841568
131,2025-07-07,7.0,NHS Nottingham and Nottinghamshire ICB,2026.04.8,356.0,103.30119328031094,6.0,1123.0,167.0,79.0,457.0,73.0,775.0,1227.0,9.7886524812012,91.02256706520032,87.43527077600855,88.0,1390.0,298.0,29.79476507029106,2219.0,57.0,30.0,6.470261237116184,6.128785972266042
132,2025-07-14,7.0,NHS Nottingham and Nottinghamshire ICB,2026.04.8,385.0,105.01612196549812,9.0,1179.0,132.0,79.0,398.0,68.0,751.0,1160.0,9.56222507288388,91.88215092607676,85.86736390494961,93.0,1463.0,243.0,29.326252943815323,2164.0,68.0,28.0,6.390019206801041,5.404460800145697
133,2025-07-21,7.0,NHS Nottingham and Nottinghamshire ICB,2026.04.8,659.0,108.6148321077723,7.0,1242.0,184.0,100.0,470.0,74.0,747.0,1179.0,12.022519550805134,92.86956458328498,95.8954710602966,125.0,1495.0,338.0,31.73090247894861,2380.0,58.0,29.0,6.574024057530989,6.652390065137565
134,2025-07-28,7.0,NHS Nottingham and Nottinghamshire ICB,2026.04.8,667.0,103.14292889564489,7.0,1173.0,134.0,83.0,393.0,76.0,767.0,1127.0,10.446306855274203,92.72378650924672,91.88167136622371,115.0,1544.0,317.0,30.8031094820202,2131.0,66.0,29.0,6.422374126924393,6.583032059906952
135,2025-08-04,8.0,NHS Nottingham and Nottinghamshire ICB,2026.04.8,485.0,108.62767446168375,12.0,1179.0,129.0,81.0,442.0,90.0,708.0,1106.0,9.671404278694876,99.06371455477964,94.9498775011201,113.0,1459.0,344.0,31.09916455850566,2270.0,73.0,30.0,6.291417267785442,6.68968645784907
136,2025-08-11,8.0,NHS Nottingham and Nottinghamshire ICB,2026.04.8,720.0,109.02559269334246,6.0,1182.0,161.0,94.0,448.0,80.0,692.0,1078.0,9.76795923302289,91.32958867996298,94.96048233804854,120.0,1570.0,353.0,33.80019543707877,2282.0,76.0,30.0,6.590773293334135,6.268722267073766
137,2025-08-18,8.0,NHS Nottingham and Nottinghamshire ICB,2026.04.8,497.0,103.74156209942278,13.0,1205.0,152.0,100.0,402.0,90.0,680.0,1068.0,8.781828453243707,84.40848562525238,91.42017120059306,96.0,1463.0,327.0,32.254123881621,2231.0,86.0,36.0,6.252181914096041,6.2278812256687575
138,2025-08-25,8.0,NHS Nottingham and Nottinghamshire ICB,2026.04.8,409.0,100.70627068233831,12.0,1175.0,145.0,78.0,402.0,99.0,739.0,1155.0,9.416868434337824,85.64727323767045,93.51263928726544,86.0,1475.0,327.0,34.51919248918426,2207.0,54.0,30.0,6.508692705864997,5.803112296675171
139,2025-09-01,9.0,NHS Nottingham and Nottinghamshire ICB,2026.04.8,611.0,113.568102220829,7.0,1114.0,109.0,94.0,474.0,87.0,811.0,1248.0,10.627633673438064,93.05563106044497,96.34287999032496,118.0,1460.0,324.0,30.366474334814388,2334.0,77.0,33.0,5.887313799220217,6.161983515675243
140,2025-09-08,9.0,NHS Nottingham and Nottinghamshire ICB,2026.04.8,713.0,104.49800922549446,12.0,1163.0,173.0,91.0,416.0,89.0,801.0,1244.0,11.271536490597336,91.05583119631454,99.76999436539302,107.0,1572.0,309.0,28.021788063917512,2191.0,60.0,31.0,6.3072422356760685,6.192876086463663
141,2025-09-15,9.0,NHS Nottingham and Nottinghamshire ICB,2026.04.8,324.0,112.3464108952432,7.0,1192.0,157.0,84.0,399.0,61.0,724.0,1055.0,9.04866611369058,91.8679096963399,96.66546320238466,120.0,1495.0,330.0,30.39214810184098,2220.0,64.0,29.0,6.053149975320438,6.176361225405728
142,2025-09-22,9.0,NHS Nottingham and Nottinghamshire ICB,2026.04.8,383.0,105.10579788803624,6.0,1166.0,145.0,80.0,392.0,70.0,708.0,1038.0,9.004331974863872,85.59406464149023,97.24229149150015,96.0,1440.0,308.0,32.39142096690717,2238.0,64.0,38.0,6.424939194448667,5.93457697632846
143,2025-09-29,9.0,NHS Nottingham and Nottinghamshire ICB,2026.04.8,352.0,101.8219100603822,9.0,1122.0,107.0,97.0,449.0,83.0,668.0,1077.0,9.465040651833576,88.00093538779238,98.5850546526295,84.0,1417.0,331.0,34.51983687931838,2222.0,80.0,27.0,6.398910988172074,6.081656327209183
144,2025-10-06,10.0,NHS Nottingham and Nottinghamshire ICB,2026.04.8,535.0,107.88569579364828,3.0,1080.0,114.0,79.0,456.0,81.0,726.0,1169.0,8.483908514572388,86.28224395216245,88.52529174187443,85.0,1449.0,317.0,35.38163883405721,2150.0,51.0,21.0,6.564829704918769,5.392488338397508
145,2025-10-13,10.0,NHS Nottingham and Nottinghamshire ICB,2026.04.8,460.0,109.47639089012436,10.0,1150.0,154.0,82.0,418.0,79.0,676.0,1077.0,9.50526546987182,95.81524034122324,91.17533897355771,86.0,1401.0,305.0,30.41855784892476,2335.0,52.0,30.0,6.145893805585008,5.917899129949916
146,2025-10-20,10.0,NHS Nottingham and Nottinghamshire ICB,2026.04.8,490.0,105.01432302457124,9.0,1204.0,180.0,64.0,443.0,72.0,741.0,1165.0,9.21420281311016,88.40914222743301,95.6645039840598,110.0,1520.0,313.0,33.35834648842543,2413.0,61.0,31.0,6.326179006324713,6.595139296446255
147,2025-10-27,10.0,NHS Nottingham and Nottinghamshire ICB,2026.04.8,602.0,107.02277246311274,4.0,1163.0,140.0,81.0,477.0,69.0,681.0,1143.0,11.112706787757125,92.2389677031035,88.23888291799445,117.0,1419.0,331.0,33.80954864169996,2233.0,58.0,32.0,6.794026293818335,6.0966120038478975
148,2025-11-03,11.0,NHS Nottingham and Nottinghamshire ICB,2026.04.8,566.0,107.905063517691,11.0,1204.0,173.0,85.0,428.0,73.0,812.0,1219.0,11.812289100802657,89.53104748618817,92.74576606616912,103.0,1476.0,356.0,33.77592850300359,2126.0,69.0,39.0,6.2334272107392605,6.464014974360435
149,2025-11-10,11.0,NHS Nottingham and Nottinghamshire ICB,2026.04.8,634.0,101.8372948478315,13.0,1215.0,155.0,89.0,438.0,108.0,758.0,1163.0,10.701931324542814,92.50024722723415,93.83129385844975,117.0,1473.0,324.0,29.79806988561721,2340.0,61.0,28.0,6.927747650960368,6.931536225081927
150,2025-11-17,11.0,NHS Nottingham and Nottinghamshire ICB,2026.04.8,751.0,110.97866654290442,6.0,1178.0,137.0,97.0,432.0,64.0,750.0,1173.0,10.24419364013735,100.097860573077,88.49909211295477,117.0,1489.0,349.0,28.94417077083043,2308.0,61.0,28.0,6.3101290067758775,6.097972342495803
151,2025-11-24,11.0,NHS Nottingham and Nottinghamshire ICB,2026.04.8,640.0,108.826769660236,15.0,1146.0,136.0,89.0,455.0,,697.0,1140.0,11.341190859645364,88.19249996937643,89.98460124910287,103.0,1430.0,369.0,28.612470732960336,2277.0,73.0,33.0,6.19527338368604,6.607901855619931
152,2025-12-01,12.0,NHS Nottingham and Nottinghamshire ICB,2026.04.8,,109.84700466768436,6.0,1160.0,146.0,80.0,425.0,99.0,772.0,1200.0,9.20513230862788,89.47522296809854,86.72347514653798,123.0,1471.0,321.0,34.88093823661305,2171.0,71.0,28.0,6.453080686921027,7.106230144691969
153,2025-12-08,12.0,NHS Nottingham and Nottinghamshire ICB,2026.04.8,706.0,111.48542967701736,10.0,1182.0,88.0,85.0,452.0,86.0,801.0,1252.0,11.453379712790618,94.49721786976602,95.04320667855715,124.0,1533.0,368.0,,2254.0,63.0,28.0,6.089734909466588,6.719733548454457
154,2025-12-15,12.0,NHS Nottingham and Nottinghamshire ICB,2026.04.8,1040.0,108.78505728914485,9.0,1268.0,117.0,84.0,443.0,95.0,752.0,1186.0,10.4810333133848,95.37077115162116,99.3988174594161,116.0,1540.0,359.0,32.54389366640031,2421.0,72.0,25.0,7.040168730946165,6.629120537848922
155,2025-12-22,12.0,NHS Nottingham and Nottinghamshire ICB,2026.04.8,1189.0,111.19645962858284,9.0,1217.0,144.0,103.0,477.0,75.0,798.0,1233.0,11.362100365536977,91.4167189168934,97.4256483112969,116.0,1477.0,347.0,32.01045137162149,2239.0,73.0,24.0,6.578323288453118,6.843136108095807
10,,3.0,England,2026.04.8,137.83333333333334,93.85331812270726,5.833333333333333,959.5,94.0,56.66666666666666,355.1666666666667,47.66666666666666,606.5,959.0,7.025146813998139,78.83745066267018,81.25867238874768,71.16666666666667,1318.3333333333333,230.0,39.0783294144,1986.3333333333333,40.16666666666666,19.666666666666668,5.860418465458615,4.895127378015711
11,,3.0,England,2026.04.8,128.5,93.7780779781345,3.1666666666666665,987.1666666666666,127.66666666666669,56.16666666666666,404.1666666666667,47.333333333333336,580.8333333333334,968.5,6.722704940330178,79.80447589591185,82.0343214242285,61.833333333333336,1302.5,264.0,38.26126229132491,1999.3333333333333,49.66666666666666,19.83333333333333,5.4378000432204345,5.242371161393302
12,,3.0,England,2026.04.8,133.83333333333334,92.6162240767482,5.166666666666667,929.1666666666666,114.0,65.16666666666667,383.0,47.833333333333336,612.8333333333334,992.3333333333334,6.326435194836307,79.24310591360761,82.73323800011659,65.66666666666667,1287.0,256.0,38.0596192839625,1896.8333333333333,44.333333333333336,17.666666666666668,5.566504905946984,4.978343569454991
13,,4.0,England,2026.04.8,139.8,92.33906446229362,6.833333333333333,936.6666666666666,88.66666666666667,59.833333333333336,384.0,46.833333333333336,594.1666666666666,975.6666666666666,6.595842032286801,75.41019772588872,81.2123762622574,66.66666666666667,1276.3333333333333,242.16666666666663,38.0052619126565,1971.5,44.833333333333336,20.83333333333333,5.4350636214067976,4.612200854987058
14,,4.0,England,2026.04.8,132.66666666666666,93.43645026225086,4.666666666666667,968.3333333333334,111.66666666666669,57.66666666666666,366.3333333333333,44.66666666666666,609.5,970.1666666666666,6.8648506978900805,81.42005430344096,84.09461237671073,60.66666666666666,1322.1666666666667,252.0,38.65728029835579,1938.8333333333333,42.333333333333336,21.166666666666668,5.579887059101439,4.794450773396242
15,,4.0,England,2026.04.8,167.25,93.78183997215464,5.0,955.6666666666666,113.66666666666669,54.0,378.0,47.2,574.8333333333334,931.1666666666666,6.703253953007542,80.50980884443511,83.07439671071442,67.66666666666667,1319.5,252.0,38.62947351327313,1924.8333333333333,41.16666666666666,21.666666666666668,5.686269867849179,4.7924616185131
16,,4.0,England,2026.04.8,157.33333333333334,93.8212231807064,5.0,955.1666666666666,113.33333333333331,70.66666666666667,368.6666666666667,52.0,613.5,957.6666666666666,6.521888894154801,79.96305618998235,83.0261736450929,54.5,1295.8333333333333,247.3333333333333,37.901156756291,1991.0,40.66666666666666,24.0,5.749900940586638,4.7040222177164415
17,,5.0,England,2026.04.8,106.6,94.1149564690238,5.666666666666667,944.1666666666666,93.16666666666669,58.833333333333336,378.6666666666667,57.66666666666666,623.3333333333334,970.8333333333334,6.801650118512622,82.84404495950227,84.1087387529313,66.0,1337.6666666666667,264.1666666666667,37.27636216035168,2063.5,45.833333333333336,22.5,5.774759463035456,4.946559730558875
18,,5.0,England,2026.04.8,93.83333333333331,93.21513379297112,6.333333333333333,931.3333333333334,99.16666666666669,58.0,379.6666666666667,47.2,614.1666666666666,985.1666666666666,6.6088220024945405,78.9064508551664,83.28072006807503,63.66666666666666,1305.8333333333333,226.16666666666663,39.75393416207872,2013.6666666666667,37.0,18.0,5.593387105586472,4.8204992264276285
19,,5.0,England,2026.04.8,159.8,93.91750864988234,5.833333333333333,943.8333333333334,107.16666666666669,62.66666666666666,379.6666666666667,49.0,616.1666666666666,975.3333333333334,6.994378910652185,78.71729764205237,82.0909802161527,61.66666666666666,1294.6666666666667,253.16666666666663,38.36465923433372,1970.0,40.833333333333336,24.166666666666668,5.700689766561244,4.56087093000328
20,,5.0,England,2026.04.8,112.5,93.33098881442652,4.833333333333333,960.5,102.33333333333331,61.5,376.0,53.6,626.5,983.5,6.980315841524806,80.57421518344773,83.41094465607445,56.16666666666666,1281.0,273.3333333333333,39.0117367153795,1962.5,40.833333333333336,22.166666666666668,5.693798426448571,4.641502458107451
21,,5.0,England,2026.04.8,119.0,92.48845207097492,3.5,960.0,112.16666666666669,59.5,376.6666666666667,50.66666666666666,615.0,973.1666666666666,6.851718824194708,78.84804255307542,83.32936828632242,66.0,1281.1666666666667,259.0,36.774489976176966,2011.8333333333333,43.833333333333336,20.666666666666668,5.576030079877531,4.725621420251568
22,,6.0,England,2026.04.8,178.0,93.3147568913486,5.0,976.5,91.0,60.0,380.1666666666667,43.333333333333336,599.6666666666666,963.3333333333334,7.325388175418173,80.86661102521826,85.36896524417546,63.333333333333336,1330.8333333333333,263.3333333333333,37.626087728699794,2027.5,44.16666666666666,21.666666666666668,5.657932046155939,4.853319792329921
23,,6.0,England,2026.04.8,154.33333333333334,94.23087163095715,6.0,963.8333333333334,111.16666666666669,60.66666666666666,376.3333333333333,54.333333333333336,609.3333333333334,955.1666666666666,7.866155504771789,81.96495123529883,82.85073396506247,71.16666666666667,1296.0,252.3333333333333,39.33094343706546,1999.3333333333333,50.333333333333336,17.833333333333332,5.620308364066436,4.912204940651461
24,,6.0,England,2026.04.8,199.3333333333333,93.87159953897476,6.5,958.5,100.83333333333331,61.0,378.3333333333333,44.833333333333336,623.0,978.5,7.561414511255876,81.78101474204998,83.82167338708416,65.16666666666667,1358.6666666666667,259.1666666666667,38.1363201767644,2051.333333333333,45.66666666666666,23.0,5.741738058978567,4.6936196325741415
25,,6.0,England,2026.04.8,187.66666666666663,95.0161234326119,6.333333333333333,993.1666666666666,112.33333333333331,66.16666666666667,391.8333333333333,48.66666666666666,628.0,1017.3333333333334,7.191996842351304,79.38521642751671,84.36142902976464,61.5,1375.8333333333333,247.8333333333333,38.926672648859565,1977.5,49.16666666666666,22.166666666666668,5.590271937541506,4.619897925951213
26,,7.0,England,2026.04.8,151.33333333333334,93.88928859106312,5.333333333333333,984.6666666666666,118.66666666666669,58.0,383.5,54.6,635.6666666666666,1003.6666666666666,7.566284722405878,81.9275996934548,83.033733165481,66.5,1337.5,256.0,38.37817822991046,1996.3333333333333,39.833333333333336,22.666666666666668,5.582095267223956,4.47898001135626
27,,7.0,England,2026.04.8,154.0,94.45325756892358,5.666666666666667,963.5,105.83333333333331,64.0,364.0,51.66666666666666,593.5,922.0,6.987810918303744,81.2180397487413,84.48611805281296,64.33333333333333,1302.3333333333333,273.6666666666667,35.74103475530632,1970.5,45.16666666666666,22.33333333333333,5.652864190185504,4.625034779722268
28,,7.0,England,2026.04.8,173.0,94.43698083878836,5.166666666666667,960.5,125.83333333333331,57.66666666666666,374.1666666666667,46.5,621.1666666666666,1000.5,7.356961346761916,78.60268763545686,83.500763589145,74.83333333333333,1372.6666666666667,286.5,37.88307096248917,2007.8333333333333,44.333333333333336,25.0,5.739816857620394,4.437978988922258
29,,7.0,England,2026.04.8,123.5,92.84485243523044,4.166666666666667,969.1666666666666,108.16666666666669,63.16666666666666,408.1666666666667,49.0,644.1666666666666,1034.5,7.25954028827292,79.93113764261376,81.50089915753482,61.0,1278.5,262.8333333333333,36.53380820826405,1976.8333333333333,35.833333333333336,22.0,5.798359628627378,4.673412681608986
30,,7.0,England,2026.04.8,159.66666666666666,93.0253407907876,8.333333333333334,983.0,103.66666666666669,60.66666666666666,403.6666666666667,53.333333333333336,612.6666666666666,992.6666666666666,7.330545001416795,80.71102566090663,82.27954983672214,71.83333333333333,1315.1666666666667,251.3333333333333,37.86421593527847,1994.0,40.16666666666666,22.666666666666668,5.846889360359664,4.336178101688941
31,,8.0,England,2026.04.8,140.33333333333334,93.66616480089566,6.0,974.6666666666666,107.16666666666669,66.66666666666667,370.0,59.833333333333336,661.0,1003.5,6.880214625314295,79.48358566813273,85.60924373130892,66.33333333333333,1362.8333333333333,266.1666666666667,38.00235233458184,1978.8333333333333,44.16666666666666,24.5,5.722832649056696,4.463835250512788
32,,8.0,England,2026.04.8,165.33333333333334,93.96702916713464,6.0,989.8333333333334,118.83333333333331,68.0,370.6666666666667,53.0,631.8333333333334,999.0,6.971518599137422,80.78962283242068,85.79651406908953,66.66666666666667,1335.6666666666667,258.3333333333333,37.418208093314014,2016.1666666666667,47.16666666666666,24.5,5.832612723587741,4.590916343988429
33,,8.0,England,2026.04.8,162.66666666666666,92.16523216208378,6.833333333333333,968.1666666666666,121.66666666666669,57.5,386.3333333333333,51.5,627.8333333333334,969.5,7.229290500664589,78.27797257591291,84.33267404332337,60.333333333333336,1292.0,254.5,36.64259820497958,2007.1666666666667,42.333333333333336,22.166666666666668,5.937993129468974,4.511218045077944
34,,8.0,England,2026.04.8,87.8,94.6950572341063,5.333333333333333,1009.6666666666666,118.0,67.83333333333333,405.5,53.333333333333336,643.3333333333334,1024.6666666666667,7.562043151989015,80.47922403533245,84.27954926702382,68.66666666666667,1360.8333333333333,259.0,35.97666107964248,1956.6666666666667,48.333333333333336,23.666666666666668,5.803691008127129,4.70705932660193
35,,9.0,England,2026.04.8,171.25,94.42429604739802,4.833333333333333,940.1666666666666,112.66666666666669,56.833333333333336,401.6666666666667,48.333333333333336,621.5,988.6666666666666,6.95774758220611,80.6124835738263,84.63010240021282,64.83333333333333,1308.0,255.8333333333333,38.4786042357759,1996.8333333333333,42.5,21.33333333333333,5.647193457949524,4.424817167378287
36,,9.0,England,2026.04.8,238.0,92.94236898839148,6.333333333333333,982.0,99.83333333333331,60.833333333333336,411.5,52.16666666666666,603.6666666666666,994.0,7.067029267729723,79.58010484827402,82.97592541640816,61.833333333333336,1335.0,274.5,38.59581404462137,1944.6666666666667,45.0,20.83333333333333,5.633485890946333,4.721131199785261
37,,9.0,England,2026.04.8,153.5,94.15753982850158,6.5,949.3333333333334,117.33333333333331,65.5,365.3333333333333,53.16666666666666,622.1666666666666,976.5,7.0408164221091285,78.01709099346434,82.24849198014107,67.5,1324.3333333333333,254.8333333333333,37.88380752385504,1951.8333333333333,50.16666666666666,24.33333333333333,5.848917478948665,4.488724535678212
38,,9.0,England,2026.04.8,156.5,92.48793620560468,5.666666666666667,981.3333333333334,102.33333333333331,59.333333333333336,364.1666666666667,41.333333333333336,603.3333333333334,948.0,7.530650929194075,80.8870485557311,82.88748396851373,63.333333333333336,1359.8333333333333,266.5,37.81167861321891,2076.333333333333,43.5,22.5,5.778172809084247,4.344394482468506
39,,10.0,England,2026.04.8,206.3333333333333,93.51033649053016,5.166666666666667,962.8333333333334,105.83333333333331,60.333333333333336,382.5,55.5,630.0,992.1666666666666,6.98859813876,81.83647640040583,83.42153015357209,66.66666666666667,1267.1666666666667,276.0,36.138724280321696,2084.1666666666665,42.5,21.0,5.493764657972446,4.726510566906852
40,,10.0,England,2026.04.8,160.83333333333334,94.61696650325018,6.833333333333333,988.3333333333334,113.83333333333331,58.5,386.5,43.333333333333336,618.6666666666666,979.3333333333334,7.201250369862318,77.25606946237328,81.88153755964869,62.333333333333336,1293.0,262.8333333333333,37.45012484662588,1947.6666666666667,44.5,21.0,5.622200022544174,4.538689457796617
41,,10.0,England,2026.04.8,199.0,94.48875415300286,6.0,963.6666666666666,107.33333333333331,68.16666666666667,400.1666666666667,52.833333333333336,607.6666666666666,997.1666666666666,7.088760785965337,81.14999586226823,85.1973401691164,71.83333333333333,1372.0,245.16666666666663,36.86653309736096,2043.8333333333333,42.66666666666666,22.166666666666668,5.63044006237464,4.86083508473751
42,,10.0,England,2026.04.8,168.0,91.77783976688018,4.666666666666667,993.6666666666666,101.5,65.0,387.8333333333333,52.16666666666666,621.0,991.1666666666666,6.753326078062517,79.63689368097543,84.32312894383824,69.5,1344.1666666666667,248.3333333333333,37.5392794461048,2023.1666666666667,39.66666666666666,24.83333333333333,5.670005571467766,4.600676606606682
43,,10.0,England,2026.04.8,155.66666666666666,92.63487265033352,5.166666666666667,953.8333333333334,115.5,60.0,386.3333333333333,51.5,597.6666666666666,972.8333333333334,6.9343272218294985,80.14749196393498,82.78929763284954,58.0,1331.3333333333333,249.66666666666663,37.12416666664612,1938.1666666666667,46.5,20.83333333333333,5.565313475052736,4.709703688566893
44,,11.0,England,2026.04.8,145.33333333333334,92.0091693068824,5.333333333333333,958.1666666666666,108.83333333333331,66.33333333333333,376.8333333333333,50.16666666666666,614.6666666666666,958.0,6.916152543056607,80.32943176417518,84.34537715105907,66.0,1302.3333333333333,263.3333333333333,38.45604438096697,2002.3333333333333,42.0,23.166666666666668,5.623637700423632,5.071811943886712
45,,11.0,England,2026.04.8,126.16666666666669,93.94074257282875,4.666666666666667,961.3333333333334,124.5,69.5,369.8333333333333,52.16666666666666,618.0,956.8333333333334,6.894298739083221,78.53700360379537,84.40508191022049,64.33333333333333,1295.5,261.8333333333333,39.06932939481275,1908.6666666666667,43.833333333333336,24.83333333333333,5.538365211295596,4.650086185859558
46,,11.0,England,2026.04.8,129.0,93.55564451756952,5.666666666666667,962.5,116.0,59.0,393.1666666666667,43.333333333333336,629.8333333333334,1008.8333333333334,7.387650226127806,78.02472864615116,85.68349325706306,67.66666666666667,1317.8333333333333,257.1666666666667,38.674461935032674,2044.1666666666667,48.333333333333336,19.0,5.750551344090471,4.864010866206128
47,,11.0,England,2026.04.8,135.66666666666666,94.13767870155642,3.8333333333333335,982.5,121.5,63.16666666666666,405.6666666666667,43.16666666666666,597.6666666666666,975.5,7.260957486873496,79.9500236945121,82.49182939231007,68.83333333333333,1350.3333333333333,269.6666666666667,37.54511477897047,1993.3333333333333,46.5,22.666666666666668,5.8340030179144895,4.774504148984854
48,,12.0,England,2026.04.8,107.83333333333331,95.23374949952505,5.833333333333333,937.6666666666666,94.66666666666669,58.833333333333336,369.8333333333333,52.5,597.5,946.3333333333334,6.88619355817628,82.10558625081715,83.38929396953428,67.16666666666667,1336.5,259.1666666666667,37.22992702518337,1995.8333333333333,47.0,21.166666666666668,5.674809512129424,4.868108702582429
49,,12.0,England,2026.04.8,163.83333333333334,93.12892184513692,5.666666666666667,967.3333333333334,100.0,60.66666666666666,381.3333333333333,50.0,612.6666666666666,998.8333333333334,7.208052764225003,81.27031836166891,82.4934648693598,67.83333333333333,1351.6666666666667,260.8333333333333,37.03988596139184,1926.6666666666667,45.66666666666666,19.166666666666668,5.62961027476419,5.1476711240792135
50,,12.0,England,2026.04.8,119.6,94.4880442490082,5.666666666666667,965.1666666666666,103.5,60.0,382.1666666666667,54.16666666666666,632.1666666666666,996.8333333333334,6.984222456527238,81.89327112342792,83.19768495836475,66.16666666666667,1325.3333333333333,273.8333333333333,38.947601477302925,1991.5,39.0,20.666666666666668,5.330584652395398,4.69835504602352
51,,12.0,England,2026.04.8,167.5,92.62821953500928,5.333333333333333,963.8333333333334,106.16666666666669,62.0,386.0,51.833333333333336,640.8333333333334,1020.1666666666666,6.946093217673307,79.60105596373462,81.4502481387348,68.16666666666667,1340.8333333333333,268.3333333333333,36.793195987116256,2058.5,49.66666666666666,22.83333333333333,5.670363614635352,4.7142868683172
52,,1.0,England,2026.04.8,165.33333333333334,94.45387134875244,6.833333333333333,930.1666666666666,100.16666666666669,58.333333333333336,384.5,48.0,614.8333333333334,1000.0,7.076753307028969,80.64516702562516,83.37108079299026,60.833333333333336,1319.5,245.66666666666663,37.3934993218447,2006.8333333333333,46.66666666666666,20.83333333333333,5.889848981927197,4.94898608838536
53,,1.0,England,2026.04.8,115.0,94.2352950292722,5.0,961.5,106.66666666666669,54.0,390.1666666666667,47.333333333333336,620.6666666666666,996.6666666666666,6.7474340235284345,78.18820469583149,84.34053792442496,61.66666666666666,1301.3333333333333,231.16666666666663,38.302464508051806,1937.5,40.16666666666666,21.5,5.460133809922946,4.864698950476101
54,,1.0,England,2026.04.8,104.33333333333331,93.32912936687336,6.166666666666667,950.3333333333334,92.33333333333331,60.0,372.6666666666667,45.66666666666666,625.0,990.3333333333334,7.24697827798056,79.4833631938247,84.54708569434683,64.5,1368.1666666666667,267.3333333333333,38.07997936001253,1955.6666666666667,48.0,21.5,5.675130507333911,5.269968206814487
55,,1.0,England,2026.04.8,133.4,92.7708149766262,4.166666666666667,956.1666666666666,122.16666666666669,57.0,382.1666666666667,48.333333333333336,601.8333333333334,975.8333333333334,6.602623254477223,80.49639293286357,80.99748154970827,59.833333333333336,1336.1666666666667,241.66666666666663,37.20335932384871,2008.1666666666667,43.16666666666666,24.33333333333333,5.68433564744204,4.7634015863299295
56,,1.0,England,2026.04.8,170.0,94.91562550868817,5.666666666666667,946.6666666666666,96.66666666666669,62.5,389.3333333333333,47.333333333333336,596.8333333333334,953.8333333333334,6.932625857152362,78.80319705664736,83.41458348228565,68.33333333333333,1293.1666666666667,279.1666666666667,37.49922116933804,2065.333333333333,43.66666666666666,22.83333333333333,5.685086048759974,4.823640798806818
57,,2.0,England,2026.04.8,109.4,93.06620671424548,5.333333333333333,945.3333333333334,114.66666666666669,55.0,362.5,46.16666666666666,598.0,937.6666666666666,6.6343570878380085,78.56836372375882,81.20062283667086,55.5,1307.3333333333333,255.3333333333333,38.859134847493166,1942.5,44.833333333333336,19.666666666666668,5.51179235902767,4.793831941350379
58,,2.0,England,2026.04.8,187.66666666666663,93.14237874688868,4.333333333333333,948.5,101.16666666666669,60.16666666666666,373.1666666666667,46.66666666666666,631.1666666666666,965.1666666666666,6.151325169322262,80.20095966539235,84.1296626662042,61.833333333333336,1288.8333333333333,243.66666666666663,37.31827231622726,1983.8333333333333,41.0,23.5,5.663854750715019,5.378929862851467
59,,2.0,England,2026.04.8,207.3333333333333,93.45747974943622,4.5,951.1666666666666,109.16666666666669,59.0,397.3333333333333,46.5,615.0,990.8333333333334,6.706949801846338,80.31685698910846,82.61664111033882,63.16666666666666,1332.0,241.5,37.8723981888872,1970.6666666666667,43.16666666666666,23.33333333333333,5.74560126040111,5.058042647572551
60,,2.0,England,2026.04.8,180.8333333333333,93.85820867880484,5.333333333333333,949.6666666666666,108.5,64.0,385.5,45.2,629.3333333333334,1003.8333333333334,6.9039012829906605,82.94407518757886,84.72291286756713,58.333333333333336,1320.5,266.1666666666667,38.23066413608283,1960.1666666666667,43.66666666666666,22.166666666666668,5.72237152090376,5.267961540364248
61,,3.0,England,2026.04.8,158.6,89.89259706021777,4.666666666666667,916.0,94.5,62.5,390.1666666666667,45.333333333333336,596.6666666666666,957.3333333333334,7.395171130385937,83.6676226829511,83.90194814589707,65.5,1280.6666666666667,262.8333333333333,38.51712135605499,1949.8333333333333,42.833333333333336,20.33333333333333,5.448101924395346,4.757249491649797
62,,3.0,England,2026.04.8,169.6,93.10637989016732,3.8333333333333335,972.5,102.83333333333331,56.5,385.3333333333333,42.5,601.3333333333334,946.5,7.082949610016077,78.51308078244168,84.64404765286088,61.16666666666666,1312.3333333333333,241.66666666666663,37.83310624915973,2035.1666666666667,46.16666666666666,20.5,5.816602741623149,5.02729535375243
63,,3.0,England,2026.04.8,159.33333333333334,90.47019951228616,4.833333333333333,960.1666666666666,101.83333333333331,59.5,398.3333333333333,44.66666666666666,613.1666666666666,986.1666666666666,6.3111372029254165,77.47831941177405,83.19887110594044,63.833333333333336,1310.1666666666667,250.5,39.03439721664724,1989.1666666666667,44.833333333333336,22.0,5.532358752329279,4.865099780615778
64,,3.0,England,2026.04.8,150.83333333333334,91.13685110255022,5.166666666666667,899.1666666666666,93.33333333333331,59.0,401.0,50.66666666666666,620.5,1009.5,6.770695521358381,79.21443279849045,83.68153312987788,59.333333333333336,1335.6666666666667,225.3333333333333,37.79000933926201,1981.0,36.66666666666666,20.666666666666668,5.372518054249942,4.503194654301296
65,,4.0,England,2026.04.8,122.83333333333331,93.10867790924524,4.166666666666667,928.5,102.33333333333331,51.833333333333336,360.6666666666667,44.2,587.0,923.3333333333334,6.676218149026418,80.51469199669837,83.00719836136933,60.333333333333336,1320.6666666666667,238.16666666666663,38.37545684829432,1970.8333333333333,35.5,19.5,5.770821908418383,4.509299002904935
66,,4.0,England,2026.04.8,106.5,93.81939206477256,4.833333333333333,900.6666666666666,88.66666666666667,54.833333333333336,379.1666666666667,45.4,567.1666666666666,927.0,5.828195768238893,76.0926211202527,82.5643046764378,65.83333333333333,1259.3333333333333,240.16666666666663,36.74339883360455,1909.5,39.5,18.666666666666668,5.783941645052156,4.552101802772684
67,,4.0,England,2026.04.8,129.16666666666666,89.43497755634348,5.166666666666667,930.0,87.66666666666667,55.333333333333336,374.0,48.333333333333336,571.0,923.6666666666666,6.3303440089482095,77.2805816785946,83.05429770514745,54.333333333333336,1310.8333333333333,255.3333333333333,38.25550939521364,1901.8333333333333,41.833333333333336,21.166666666666668,5.624763361877555,4.563944327608964
68,,4.0,England,2026.04.8,131.4,94.08185400359372,4.166666666666667,912.3333333333334,102.16666666666669,52.66666666666666,371.5,40.16666666666666,590.0,944.8333333333334,6.180830763814536,79.16631573132777,82.40576699749484,66.16666666666667,1303.8333333333333,249.0,39.38701375238314,1998.8333333333333,37.833333333333336,21.0,5.7153308911369045,4.447627774698597
69,,4.0,England,2026.04.8,110.83333333333331,90.59086980043192,4.833333333333333,931.6666666666666,92.0,60.5,370.0,48.333333333333336,581.8333333333334,933.1666666666666,6.069663351758622,79.23397804057178,82.51958735302658,59.333333333333336,1272.0,257.0,38.26282030460391,1881.8333333333333,35.666666666666664,21.166666666666668,5.719304365933201,4.561999282238404
70,,5.0,England,2026.04.8,103.16666666666669,92.23120484114531,3.8333333333333335,925.5,97.5,51.5,380.8333333333333,44.66666666666666,586.0,950.6666666666666,6.271536914727476,77.23562002558384,82.56734749302132,59.5,1297.5,237.16666666666663,38.810165106441055,1877.0,39.333333333333336,22.666666666666668,5.777640909074467,4.300765809044439
71,,5.0,England,2026.04.8,111.2,91.31858750027526,4.0,914.6666666666666,104.16666666666669,53.833333333333336,381.5,38.6,588.0,940.5,5.9407967937154575,79.01033458950339,84.11086279667396,55.833333333333336,1303.3333333333333,258.3333333333333,39.5579629818561,1951.6666666666667,39.0,17.0,5.511101040088295,4.533869620538007
72,,5.0,England,2026.04.8,110.0,90.71675754202585,5.333333333333333,912.8333333333334,100.0,54.66666666666666,373.0,40.0,562.8333333333334,926.5,6.012194548899811,78.11404567245934,81.62163703600727,58.66666666666666,1335.1666666666667,252.5,40.95629362316796,1883.1666666666667,40.333333333333336,20.0,5.675156328059412,4.387185184659747
73,,5.0,England,2026.04.8,90.33333333333331,88.25257971968834,3.6666666666666665,897.6666666666666,92.66666666666669,52.833333333333336,363.0,42.66666666666666,593.3333333333334,927.6666666666666,6.227119328393854,76.24622577956808,81.86498613332974,56.833333333333336,1275.3333333333333,262.3333333333333,40.72429340727181,1954.1666666666667,34.0,20.33333333333333,5.413383211056104,4.305223698208095
74,,6.0,England,2026.04.8,92.5,88.886010963897,2.833333333333333,901.1666666666666,87.16666666666667,51.66666666666666,343.3333333333333,42.5,599.6666666666666,920.1666666666666,6.381728036764471,76.1633288230572,82.65129165752592,51.16666666666666,1289.0,237.0,38.96369180073082,1930.8333333333333,44.333333333333336,19.83333333333333,5.497936041167995,3.9723364227826026
75,,6.0,England,2026.04.8,96.16666666666669,91.00126403281904,3.333333333333333,931.6666666666666,91.16666666666669,54.16666666666666,356.8333333333333,40.333333333333336,572.3333333333334,896.1666666666666,6.142419757866844,77.47286194387222,82.37924555517144,54.333333333333336,1347.5,258.1666666666667,40.61412560185697,1957.3333333333333,39.66666666666666,15.333333333333334,5.652051727163864,4.448851443602972
76,,6.0,England,2026.04.8,113.8,90.09750544940862,2.6666666666666665,913.1666666666666,99.0,51.333333333333336,374.8333333333333,33.0,602.1666666666666,957.1666666666666,6.154593508736305,80.73225374557309,81.81065107322989,66.83333333333333,1272.1666666666667,240.8333333333333,39.84238537752996,1919.6666666666667,41.0,22.83333333333333,5.583784882278752,4.217086418515872
77,,6.0,England,2026.04.8,104.16666666666669,90.95160097744709,5.0,927.5,94.0,56.16666666666666,378.5,49.833333333333336,593.0,969.3333333333334,6.729932052343099,77.64558141856406,81.72897947932039,55.66666666666666,1293.3333333333333,253.8333333333333,38.30806660788531,1933.3333333333333,40.5,21.166666666666668,5.703818041583925,4.441823179149189
78,,7.0,England,2026.04.8,125.16666666666669,91.69209554570642,4.5,935.8333333333334,100.5,55.833333333333336,364.5,40.16666666666666,590.1666666666666,943.3333333333334,6.728004123101687,76.64502391195536,81.72129773683945,58.16666666666666,1277.3333333333333,257.1666666666667,37.85509421948374,1961.0,45.833333333333336,19.5,5.423422846647747,4.286457415077369
79,,7.0,England,2026.04.8,112.83333333333331,91.81389467726332,5.666666666666667,932.3333333333334,109.83333333333331,57.66666666666666,362.3333333333333,54.66666666666666,596.8333333333334,932.1666666666666,6.648573269877865,79.33612734832478,83.05509585016465,56.333333333333336,1307.5,253.8333333333333,39.58903108952989,1981.0,33.166666666666664,20.33333333333333,5.382750045243218,4.41546097486246
80,,7.0,England,2026.04.8,93.8,90.9180891183234,5.0,915.6666666666666,85.66666666666667,56.833333333333336,399.1666666666667,46.833333333333336,574.8333333333334,955.0,6.506344719358219,76.95705927523132,80.54322604780027,55.833333333333336,1303.0,251.66666666666663,38.64399159385037,1928.1666666666667,35.5,16.5,5.638139976829243,4.307779709600323
81,,7.0,England,2026.04.8,116.33333333333331,90.32081119974956,5.0,931.5,100.0,51.5,381.8333333333333,43.5,565.1666666666666,935.0,6.604952280593282,78.87537975523558,79.26134859255414,60.0,1300.1666666666667,250.0,37.263590560796,1989.0,39.833333333333336,19.666666666666668,5.57516860224167,4.039153700566449
82,,7.0,England,2026.04.8,124.0,90.41089183637352,4.333333333333333,914.0,85.83333333333333,54.16666666666666,391.3333333333333,37.333333333333336,601.6666666666666,968.3333333333334,6.45742390273174,76.81647946048956,82.32688733923116,53.5,1274.6666666666667,245.16666666666663,38.6625999727623,1902.5,45.16666666666666,19.166666666666668,5.416012176124937,3.9481113319635934
83,,8.0,England,2026.04.8,73.0,90.92847342534692,4.166666666666667,949.0,109.16666666666669,52.66666666666666,391.3333333333333,42.5,583.6666666666666,966.8333333333334,6.112323332023217,78.0279385594658,81.89295053503471,60.833333333333336,1292.0,241.8333333333333,38.42448525091089,1914.8333333333333,42.0,19.83333333333333,5.608506369315909,4.042203262804629
84,,8.0,England,2026.04.8,82.5,89.71978994493311,4.333333333333333,938.3333333333334,91.33333333333331,54.5,382.6666666666667,37.833333333333336,595.6666666666666,960.8333333333334,6.057443502393109,76.74913463959764,83.13898860055843,57.66666666666666,1243.6666666666667,237.0,39.15004274960094,1910.5,44.16666666666666,21.666666666666668,5.562323919561362,3.9512144918797687
85,,8.0,England,2026.04.8,70.66666666666667,89.52746891092028,5.0,903.3333333333334,87.83333333333333,50.66666666666666,387.6666666666667,42.833333333333336,575.6666666666666,924.6666666666666,5.926892918020047,75.60335309099587,81.13765305876254,51.0,1243.3333333333333,240.3333333333333,39.10234407963498,1906.0,39.5,19.5,5.385413463087224,3.963063780648484
86,,8.0,England,2026.04.8,94.75,88.49912901544165,3.333333333333333,886.8333333333334,93.66666666666669,53.333333333333336,379.0,41.16666666666666,571.5,929.5,6.546047033401416,77.40460278679492,81.14974416569594,53.333333333333336,1252.0,240.66666666666663,39.21605584919351,1923.1666666666667,31.33333333333333,21.666666666666668,5.624416341879716,3.7488143404996817
87,,9.0,England,2026.04.8,71.5,89.1489479263145,3.333333333333333,886.1666666666666,86.66666666666667,52.66666666666666,363.0,44.2,576.3333333333334,907.0,5.732947592620927,75.937691179308,79.9335546910361,48.0,1272.0,233.5,40.35304876705949,1967.5,40.16666666666666,21.5,5.508356356844817,4.035479412777364
88,,9.0,England,2026.04.8,77.16666666666667,88.655130781016,4.166666666666667,882.1666666666666,92.66666666666669,48.333333333333336,359.8333333333333,39.5,589.0,928.3333333333334,5.504775643319533,78.54789109562077,79.76094959962215,45.5,1316.1666666666667,240.0,39.797343121878,1922.0,36.0,19.0,5.757097519704249,4.138894176370264
89,,9.0,England,2026.04.8,59.66666666666666,89.15119304814455,4.166666666666667,896.6666666666666,84.0,58.833333333333336,353.6666666666667,35.666666666666664,562.6666666666666,897.0,5.814107052020538,76.95599234745693,80.88903270217088,57.333333333333336,1285.1666666666667,229.0,41.07888480315285,1933.0,38.5,17.833333333333332,5.376681279726477,4.192317414720191
90,,9.0,England,2026.04.8,55.5,88.9103754835128,3.333333333333333,908.0,87.83333333333333,55.16666666666666,356.1666666666667,36.833333333333336,567.6666666666666,883.3333333333334,6.370176955293331,76.4835128993927,81.01859356067342,47.833333333333336,1262.6666666666667,232.66666666666663,39.62666016473612,1897.5,40.833333333333336,20.5,5.550605604435968,4.070996889035541
91,,9.0,England,2026.04.8,57.5,88.2765616049157,4.0,906.3333333333334,100.5,52.0,382.1666666666667,42.0,589.3333333333334,951.0,5.712965631865285,75.95114299877561,83.46929369950179,58.5,1249.5,240.8333333333333,37.300858620239225,1928.3333333333333,39.333333333333336,20.83333333333333,5.217264235121433,3.759528225173906
92,,10.0,England,2026.04.8,57.5,89.64193008431856,3.8333333333333335,925.3333333333334,97.5,51.0,378.0,40.5,569.6666666666666,923.1666666666666,5.762609441304709,76.89518532986618,81.4586739015283,53.833333333333336,1280.3333333333333,225.8333333333333,36.72179800202941,1964.5,41.0,21.166666666666668,5.5741074914781095,4.0579917373638725
93,,10.0,England,2026.04.8,91.66666666666669,89.26915305348417,3.6666666666666665,877.6666666666666,79.16666666666667,46.5,345.0,47.5,585.3333333333334,900.8333333333334,5.716437082156401,76.6780400529824,82.56527300143969,49.0,1272.5,228.66666666666663,41.01991974020903,1932.8333333333333,36.5,21.5,5.540766021256098,3.992387307352717
94,,10.0,England,2026.04.8,76.16666666666667,91.44149281704408,3.8333333333333335,899.8333333333334,91.16666666666669,50.5,366.1666666666667,32.333333333333336,576.5,904.8333333333334,6.143270368342982,77.95082198418815,83.50893875628954,53.66666666666666,1281.0,245.3333333333333,38.59717514186877,1930.8333333333333,38.5,19.166666666666668,5.508126817907414,4.321420097050983
95,,10.0,England,2026.04.8,74.16666666666667,89.62375599107007,5.166666666666667,888.5,94.33333333333331,55.833333333333336,366.1666666666667,29.166666666666668,579.6666666666666,924.3333333333334,6.575685166999033,78.29962107479945,82.16071411292438,52.5,1272.1666666666667,243.0,39.74985618615071,1949.1666666666667,41.5,19.0,5.414794197926189,4.419588077609678
96,,11.0,England,2026.04.8,84.5,90.59599087283875,4.5,901.8333333333334,97.33333333333331,50.16666666666666,389.1666666666667,47.16666666666666,583.0,958.3333333333334,6.249239215403134,76.82419089354299,81.44581362844976,53.5,1247.8333333333333,221.8333333333333,39.6624192633779,1891.1666666666667,40.66666666666666,19.33333333333333,5.637991447120787,4.431488042751653
97,,11.0,England,2026.04.8,78.16666666666667,89.98038651291115,3.5,947.0,107.83333333333331,59.333333333333336,372.6666666666667,37.66666666666666,589.6666666666666,929.5,6.516587673873556,76.92477726077736,81.6688138867403,49.833333333333336,1271.8333333333333,228.3333333333333,38.530694209579615,1896.3333333333333,34.333333333333336,19.83333333333333,5.419573798311975,3.9785743079389166
98,,11.0,England,2026.04.8,89.83333333333333,90.70850694044756,5.5,890.1666666666666,92.83333333333331,52.0,380.0,37.16666666666666,579.1666666666666,947.1666666666666,5.893069773565713,77.0558770292535,81.5070489608419,51.0,1297.3333333333333,225.66666666666663,39.73879066505383,1919.8333333333333,39.333333333333336,18.0,5.498674988104746,4.237186140786945
99,,11.0,England,2026.04.8,75.66666666666667,90.53647727202384,4.0,883.1666666666666,93.5,57.833333333333336,369.0,38.66666666666666,591.3333333333334,939.0,5.94639087869865,74.55376754307683,82.53087129764481,53.5,1274.6666666666667,241.3333333333333,39.52781291433568,1964.6666666666667,44.333333333333336,20.83333333333333,5.693891145739524,4.397433058614531
100,,12.0,England,2026.04.8,85.83333333333333,90.93532942988892,2.6666666666666665,889.8333333333334,99.83333333333331,57.0,357.8333333333333,40.0,555.8333333333334,890.1666666666666,6.2734697723681485,76.94365400078,81.81430562287696,57.16666666666666,1290.3333333333333,241.0,41.7468439170726,1874.3333333333333,40.5,19.5,5.376360461628487,4.422832449186249
101,,12.0,England,2026.04.8,64.83333333333333,91.55602511291887,4.666666666666667,927.5,94.5,55.0,389.0,40.16666666666666,581.1666666666666,963.0,6.014435641359235,77.73259290611823,79.97409926564256,51.0,1256.3333333333333,257.0,39.913245221993726,1916.5,37.833333333333336,17.333333333333332,5.558710212762523,4.599087471989267
102,,12.0,England,2026.04.8,90.5,90.91126432962552,4.333333333333333,912.0,92.33333333333331,54.333333333333336,374.5,34.8,559.3333333333334,927.0,6.217668222562146,76.7697950625862,79.76014639513077,49.333333333333336,1261.6666666666667,221.5,38.38235116326239,1940.1666666666667,36.66666666666666,22.83333333333333,5.55462895421488,4.404626375630657
103,,12.0,England,2026.04.8,124.0,89.67761174280976,4.166666666666667,904.0,96.66666666666669,52.5,388.6666666666667,41.66666666666666,590.8333333333334,961.0,6.180681134083969,78.24701349679607,83.10282382855559,43.333333333333336,1267.8333333333333,236.66666666666663,39.79990263715724,1883.0,38.0,19.0,5.51502091474093,4.462089656837865
104,,12.0,England,2026.04.8,126.66666666666669,91.4380979014772,2.5,894.1666666666666,90.0,52.0,383.0,44.66666666666666,578.6666666666666,935.8333333333334,5.637556524897177,77.87925393732262,80.12002271460578,57.0,1294.8333333333333,245.0,40.44417958495859,1945.8333333333333,37.16666666666666,19.166666666666668,5.436254180771744,4.588251540483719
105,,1.0,England,2026.04.8,102.5,90.52021395045293,3.1666666666666665,922.3333333333334,97.0,58.333333333333336,374.5,38.333333333333336,600.8333333333334,974.1666666666666,6.0278478789884735,75.67144246866825,81.91950224221351,48.0,1290.1666666666667,247.8333333333333,39.12708766343872,1932.8333333333333,41.833333333333336,18.0,5.562220817139685,4.470331430339392
106,,1.0,England,2026.04.8,101.16666666666669,93.01715174893975,4.0,911.6666666666666,91.5,59.0,390.8333333333333,40.5,579.3333333333334,972.3333333333334,6.322246038644063,80.30973970858697,82.53510513462516,58.0,1274.5,249.8333333333333,40.37493881984384,1909.8333333333333,44.0,21.0,5.543210421932234,4.560308542838432
107,,1.0,England,2026.04.8,111.66666666666669,92.3073919761782,4.166666666666667,898.8333333333334,93.33333333333331,54.5,369.6666666666667,48.0,600.0,957.0,6.091629397825524,78.27107251068576,80.18447925456918,57.16666666666666,1297.6666666666667,232.0,38.91323356280802,1967.1666666666667,37.16666666666666,19.666666666666668,5.715650444314298,4.582267045434665
108,,1.0,England,2026.04.8,110.83333333333331,89.34140848723779,5.0,892.0,95.66666666666669,56.333333333333336,363.3333333333333,42.5,579.3333333333334,932.3333333333334,5.914196478074241,78.0602076027397,81.631063213531,58.66666666666666,1247.6666666666667,252.0,39.25034376812872,1899.3333333333333,39.5,17.666666666666668,5.541775819055286,4.774564772088922
109,,2.0,England,2026.04.8,62.4,92.05549547191482,4.0,922.3333333333334,99.83333333333331,56.833333333333336,367.3333333333333,44.66666666666666,602.5,950.3333333333334,6.456116248841869,77.80106324699027,80.37011832741291,58.16666666666666,1296.0,254.16666666666663,40.127108429048,1969.1666666666667,38.833333333333336,17.666666666666668,5.680102182729889,4.616446228454124
110,,2.0,England,2026.04.8,138.16666666666666,91.13984115418862,5.0,915.1666666666666,110.16666666666669,53.66666666666666,355.5,47.0,583.0,932.6666666666666,5.987439093271479,78.08181166360401,85.43784080616713,69.16666666666667,1299.8333333333333,270.1666666666667,40.4998960278096,1938.0,44.16666666666666,23.0,5.52345984676236,4.738635817175207
111,,2.0,England,2026.04.8,134.66666666666666,91.47056205316017,4.833333333333333,933.1666666666666,96.33333333333331,55.333333333333336,368.0,40.833333333333336,576.8333333333334,919.3333333333334,6.151656956145323,74.32950206741404,80.79365869632743,51.833333333333336,1268.0,248.0,38.99568220924535,1980.6666666666667,47.0,24.666666666666668,5.310867625304732,4.860102331512011
112,,2.0,England,2026.04.8,115.66666666666669,91.03129393456992,3.5,930.3333333333334,86.83333333333333,55.833333333333336,381.3333333333333,46.0,563.5,919.1666666666666,6.298742307557308,78.10499147556607,82.12720997568773,56.5,1283.0,243.16666666666663,39.56012573663367,2029.6666666666667,46.833333333333336,22.666666666666668,5.698793686737969,4.403107626028215
113,,3.0,England,2026.04.8,108.66666666666669,93.80491715681194,4.166666666666667,924.6666666666666,97.0,51.66666666666666,386.0,41.16666666666666,605.1666666666666,974.3333333333334,6.303731702509324,76.97766067484503,80.61437105532254,52.333333333333336,1306.8333333333333,262.5,39.71551314903905,1890.5,43.833333333333336,19.666666666666668,5.388490161155208,4.864020804217527
114,,3.0,England,2026.04.8,106.66666666666669,90.26632510404728,4.666666666666667,899.1666666666666,104.0,56.333333333333336,369.5,36.66666666666666,577.8333333333334,908.8333333333334,6.019017365959113,79.28628678515008,83.37399132712079,55.5,1298.1666666666667,260.1666666666667,38.14033452066845,1934.6666666666667,41.66666666666666,19.83333333333333,5.607117741844856,4.797274658967876
115,,3.0,England,2026.04.8,123.0,91.52765183413482,4.5,924.8333333333334,101.33333333333331,55.333333333333336,365.5,44.333333333333336,598.0,944.1666666666666,6.220018207219407,75.58231570311489,82.27550430528831,52.333333333333336,1271.3333333333333,254.0,37.92554306971163,1945.6666666666667,43.833333333333336,23.0,5.529337265672159,4.685677814869304
116,,3.0,England,2026.04.8,128.83333333333334,90.04442132862847,4.166666666666667,909.5,91.0,52.0,368.1666666666667,45.5,611.8333333333334,967.0,6.009195362162717,78.81418885914856,83.57854185816416,54.5,1309.0,243.16666666666663,39.810040605702326,1977.5,37.16666666666666,20.166666666666668,5.640541651179775,4.5550005952495605
117,,3.0,England,2026.04.8,144.33333333333334,93.12762336929572,5.166666666666667,963.6666666666666,93.83333333333331,55.333333333333336,356.8333333333333,43.333333333333336,589.1666666666666,936.0,6.506552059561151,78.14885654202612,82.3514091958002,52.833333333333336,1250.6666666666667,248.0,40.18848133678036,1915.6666666666667,46.333333333333336,18.5,5.687669454726841,4.905495840054475
118,,4.0,England,2026.04.8,147.66666666666666,93.10664842938884,3.8333333333333335,922.3333333333334,106.5,52.0,393.6666666666667,46.5,641.6666666666666,999.6666666666666,6.206161391538346,75.6030509061862,82.42395149517958,54.333333333333336,1230.3333333333333,236.0,40.42492612040671,1943.1666666666667,42.66666666666666,21.83333333333333,5.709289261656905,4.55888906892418
119,,4.0,England,2026.04.8,121.5,91.44972526800524,4.833333333333333,940.0,93.66666666666669,60.5,373.5,42.5,572.1666666666666,925.3333333333334,6.542014234882132,78.47778933371245,79.74101999347549,49.5,1272.6666666666667,267.3333333333333,38.691638543609415,1965.0,35.666666666666664,24.0,5.700947308008558,4.46907893574771
120,,4.0,England,2026.04.8,142.4,91.79112565614416,4.0,921.8333333333334,99.16666666666669,59.0,401.0,49.66666666666666,580.3333333333334,957.0,6.59122071208876,81.47838436513535,80.54294363977696,53.5,1292.1666666666667,262.1666666666667,37.07286821990605,1958.8333333333333,45.5,25.666666666666668,5.465688402066743,4.499320671930584
121,,4.0,England,2026.04.8,124.83333333333331,93.46528019026564,4.5,923.1666666666666,101.66666666666669,54.5,383.0,41.66666666666666,595.8333333333334,954.5,6.359436814067961,80.35228858214685,80.74783023949986,57.833333333333336,1311.3333333333333,238.3333333333333,39.29285047067556,1919.3333333333333,42.16666666666666,18.166666666666668,5.629556672739359,4.646453369146801
122,,5.0,England,2026.04.8,143.0,91.20571070765402,6.0,925.3333333333334,109.16666666666669,60.16666666666666,377.6666666666667,41.4,629.8333333333334,980.1666666666666,6.455762407766767,78.75864721155159,85.31731451757508,56.66666666666666,1308.5,257.5,37.11529244390828,1934.6666666666667,40.66666666666666,21.666666666666668,5.597068610297669,4.472147129460919
123,,5.0,England,2026.04.8,138.66666666666666,89.6302362850504,4.166666666666667,909.5,91.66666666666669,59.5,366.8333333333333,49.16666666666666,558.8333333333334,909.6666666666666,6.974256548752319,79.50713889667888,84.67700673802405,56.66666666666666,1281.3333333333333,247.16666666666663,39.09474802277686,1962.1666666666667,43.333333333333336,25.33333333333333,5.66309113044247,4.525129243672228
124,,5.0,England,2026.04.8,138.16666666666666,92.93975172720376,5.333333333333333,961.5,115.0,55.5,393.5,45.0,600.6666666666666,966.0,6.485179736307138,82.27644796019288,83.69789635107786,63.333333333333336,1302.5,249.0,38.50570864233411,1943.1666666666667,39.5,21.0,5.517714514396878,4.7440253128385175
125,,5.0,England,2026.04.8,147.2,93.79329982616456,5.5,930.3333333333334,94.0,61.0,387.5,45.16666666666666,602.5,962.0,6.500484866538535,80.36954781502943,83.1303020300966,67.33333333333333,1317.5,267.3333333333333,39.798663873447104,1942.8333333333333,38.66666666666666,22.33333333333333,5.665381910726467,4.537870114305189
126,,6.0,England,2026.04.8,136.83333333333334,92.51051752635966,5.166666666666667,929.8333333333334,115.0,60.66666666666666,383.0,46.5,610.3333333333334,978.8333333333334,6.401202589841735,80.74304186929314,82.65027370335149,63.333333333333336,1337.3333333333333,249.66666666666663,38.86882666640376,1947.6666666666667,42.66666666666666,23.166666666666668,5.722333554284138,4.496718457128968
127,,6.0,England,2026.04.8,81.8,91.75627200422288,5.333333333333333,939.8333333333334,91.33333333333331,56.5,374.6666666666667,38.5,603.1666666666666,958.0,6.24337866687132,78.29150962269047,78.7870528752685,61.333333333333336,1304.0,250.66666666666663,37.59947989499123,1973.0,40.66666666666666,20.83333333333333,5.613942426766539,4.536788805861712
128,,6.0,England,2026.04.8,140.8,90.55236038225112,5.666666666666667,937.6666666666666,101.66666666666669,54.0,380.6666666666667,45.0,598.5,961.8333333333334,6.515300153862399,77.67460303234151,81.787329024811,63.0,1314.8333333333333,247.16666666666663,37.64824634779942,1992.0,41.66666666666666,19.166666666666668,5.533204935308657,4.240884268037066
129,,6.0,England,2026.04.8,140.8,91.4339171321355,4.333333333333333,913.5,77.66666666666667,57.833333333333336,379.6666666666667,49.333333333333336,613.8333333333334,976.8333333333334,6.550645980431099,75.99128373170096,82.66389392210827,58.5,1293.5,254.8333333333333,37.58872812354221,2002.8333333333333,40.5,23.166666666666668,5.672300816262123,4.468284179294737
130,,6.0,England,2026.04.8,109.83333333333331,90.88178878438764,4.0,919.3333333333334,96.33333333333331,56.66666666666666,344.8333333333333,45.833333333333336,611.1666666666666,938.0,6.270410510736564,78.76136675053922,83.78243279573344,57.0,1279.3333333333333,248.8333333333333,39.1900368857748,1973.8333333333333,40.16666666666666,18.666666666666668,5.658784739068431,4.149597453293191
131,,7.0,England,2026.04.8,114.66666666666669,90.02614358991677,4.0,895.6666666666666,95.83333333333331,55.5,389.5,39.0,595.8333333333334,975.1666666666666,6.201274572179329,75.2552831007041,82.6881354241865,56.5,1281.6666666666667,246.16666666666663,39.00914090361201,1967.8333333333333,37.833333333333336,19.5,5.730778448293262,4.219700514621751
132,,7.0,England,2026.04.8,132.2,91.60313798233472,5.166666666666667,935.8333333333334,94.66666666666669,49.5,372.6666666666667,37.0,589.8333333333334,936.0,6.254422864130361,79.19470141014406,80.79547725604449,53.0,1304.1666666666667,239.16666666666663,37.82786641897903,1932.1666666666667,48.66666666666666,22.0,5.784946482472301,3.828110554759604
133,,7.0,England,2026.04.8,166.33333333333334,90.14844445079824,4.166666666666667,951.1666666666666,101.33333333333331,57.0,378.5,44.66666666666666,621.0,980.6666666666666,6.925603172261108,80.73983102399346,83.46623516731755,61.66666666666666,1300.6666666666667,253.5,38.96334574537462,1947.8333333333333,45.833333333333336,21.166666666666668,5.554407007277285,4.3021570288449285
134,,7.0,England,2026.04.8,148.0,91.6279936348821,4.166666666666667,930.0,91.66666666666669,53.833333333333336,362.8333333333333,42.16666666666666,602.6666666666666,961.5,6.896259228108711,79.1859677866802,80.57814917131432,50.5,1310.6666666666667,250.16666666666663,37.66621440621198,1965.5,43.16666666666666,19.83333333333333,5.766983625412441,4.13824497433771
135,,8.0,England,2026.04.8,125.5,91.26346352909712,4.833333333333333,923.0,94.16666666666669,59.333333333333336,366.1666666666667,46.833333333333336,590.3333333333334,925.1666666666666,5.97694803090137,79.38823377839513,82.08783787018392,59.66666666666666,1296.5,240.5,38.17098351931836,1970.6666666666667,37.66666666666666,20.83333333333333,5.565974344213473,4.294468521697659
136,,8.0,England,2026.04.8,168.66666666666666,92.70376412224316,3.333333333333333,934.3333333333334,83.16666666666667,58.0,393.5,52.6,586.0,955.8333333333334,6.4629001524098895,78.22753464427444,81.62245937161795,66.66666666666667,1304.5,239.3333333333333,39.42917285719465,1948.0,46.66666666666666,22.5,5.606252253412066,4.265437190032386
137,,8.0,England,2026.04.8,144.25,89.84564769820274,5.5,918.6666666666666,92.5,61.16666666666666,368.1666666666667,38.0,602.6666666666666,956.6666666666666,6.326027843136856,78.56769001829355,83.04244308276434,49.833333333333336,1288.1666666666667,242.8333333333333,39.40594586475174,1998.1666666666667,47.0,20.83333333333333,5.600960810533105,4.139312500980624
138,,8.0,England,2026.04.8,112.16666666666669,91.68007186691756,5.0,932.8333333333334,86.66666666666667,52.5,365.3333333333333,47.16666666666666,593.1666666666666,945.6666666666666,6.579062774458585,80.7815350862054,81.79996921199846,46.0,1290.8333333333333,251.5,37.53731004517004,1955.5,42.5,21.83333333333333,5.449339270167574,3.9646537395499415
139,,9.0,England,2026.04.8,154.33333333333334,92.842589174281,5.833333333333333,923.3333333333334,95.66666666666669,57.16666666666666,384.8333333333333,42.16666666666666,603.8333333333334,972.0,6.448747870358936,78.99562232725349,83.07611504632541,60.16666666666666,1332.8333333333333,251.0,38.30080987562353,1966.1666666666667,44.0,19.166666666666668,5.462426444449459,4.311659360660967
140,,9.0,England,2026.04.8,162.5,91.1383422292876,3.8333333333333335,921.5,93.33333333333331,57.333333333333336,375.6666666666667,44.5,597.5,977.5,6.818474611764526,79.68936120284174,82.56870683309336,65.5,1280.0,244.3333333333333,38.5949499831169,1959.6666666666667,40.66666666666666,21.0,5.790310595210499,4.026302301161254
141,,9.0,England,2026.04.8,93.75,91.76453317081808,5.0,922.0,84.83333333333333,54.833333333333336,376.5,45.5,590.5,925.0,6.595799490821174,77.90395553346764,84.535099519569,60.833333333333336,1291.0,239.0,38.50160311908737,1949.0,39.333333333333336,18.33333333333333,5.36566407427554,4.4642727968357
142,,9.0,England,2026.04.8,108.0,90.1305825289678,4.333333333333333,921.0,82.33333333333333,55.833333333333336,369.6666666666667,39.5,572.6666666666666,920.5,6.013679842984925,76.68627670756166,82.9594801414752,58.16666666666666,1287.0,241.16666666666663,37.77710799019176,1925.1666666666667,32.5,21.0,5.685214273404031,4.168795487312521
143,,9.0,England,2026.04.8,93.0,90.36053751640009,4.5,905.1666666666666,83.33333333333333,59.16666666666666,367.6666666666667,44.66666666666666,564.3333333333334,916.3333333333334,6.067255166586004,77.32877803303803,82.17415285173028,46.833333333333336,1279.6666666666667,240.0,38.20858810552871,1945.5,40.16666666666666,17.166666666666668,5.443404092326521,4.131966709094135
144,,10.0,England,2026.04.8,143.2,90.6390378668188,2.833333333333333,896.6666666666666,90.0,55.333333333333336,372.5,45.2,592.8333333333334,955.1666666666666,6.026482889727614,75.88484066229577,81.41892171164874,55.0,1322.8333333333333,222.3333333333333,38.94837896899335,1874.3333333333333,34.333333333333336,18.666666666666668,5.582626549475002,3.9213053060081786
145,,10.0,England,2026.04.8,107.16666666666669,90.8581876221532,3.6666666666666665,911.1666666666666,88.83333333333333,50.66666666666666,374.0,38.833333333333336,587.6666666666666,948.8333333333334,5.848359905669958,78.45668193416316,81.34552235567237,54.833333333333336,1266.8333333333333,231.3333333333333,39.94106231382168,1959.8333333333333,35.166666666666664,21.83333333333333,5.540772637847964,4.243753889586276
146,,10.0,England,2026.04.8,126.33333333333331,90.6245373570288,4.833333333333333,916.5,89.16666666666667,44.0,376.1666666666667,42.16666666666666,576.0,934.6666666666666,5.937372642694863,77.7871348314551,82.7584469915925,55.0,1308.6666666666667,228.3333333333333,40.125302643368286,1901.3333333333333,41.16666666666666,19.33333333333333,5.473993822233889,4.335227983640965
147,,10.0,England,2026.04.8,141.83333333333334,91.00068316980548,2.333333333333333,920.6666666666666,94.5,57.5,388.6666666666667,39.4,583.0,958.6666666666666,6.349153130231728,79.4026269404131,79.90870731936639,57.0,1275.1666666666667,263.3333333333333,40.895390058136286,1894.8333333333333,34.666666666666664,21.166666666666668,5.4164268204787165,4.317565346330013
148,,11.0,England,2026.04.8,142.5,90.28282969227952,5.166666666666667,920.8333333333334,94.5,47.16666666666666,371.8333333333333,43.5,597.8333333333334,969.8333333333334,6.2472901330192165,77.16306953485778,84.59897339150704,57.16666666666666,1290.6666666666667,233.0,39.34837313124819,1984.5,44.333333333333336,22.5,5.451366780545175,4.478914608596146
149,,11.0,England,2026.04.8,151.83333333333334,88.99575306367784,5.0,931.1666666666666,92.16666666666669,59.16666666666666,396.5,57.0,577.8333333333334,962.6666666666666,6.209406127698127,78.4024424298644,83.00406239240486,59.16666666666666,1244.5,235.66666666666663,38.79735239500586,1922.8333333333333,42.5,19.33333333333333,5.5234464320047785,4.609473178601227
150,,11.0,England,2026.04.8,163.0,91.80954435570636,4.333333333333333,929.3333333333334,105.0,57.0,377.8333333333333,45.333333333333336,588.8333333333334,960.5,6.503872795429186,79.87850077609174,81.66130358646626,61.16666666666666,1278.3333333333333,248.3333333333333,38.0390844305389,1944.6666666666667,40.0,19.83333333333333,5.542562583625377,4.37237016494926
151,,11.0,England,2026.04.8,154.83333333333334,92.5792185438047,6.166666666666667,913.3333333333334,95.16666666666669,61.333333333333336,370.6666666666667,30.75,583.0,938.8333333333334,7.003539130177127,78.07470853446823,82.9617774618278,58.833333333333336,1316.8333333333333,256.0,35.977975496694306,1984.3333333333333,40.5,21.5,5.610630256662527,4.6244726157163045
152,,12.0,England,2026.04.8,70.6,91.97661804051693,4.5,918.5,87.33333333333333,58.5,384.1666666666667,43.66666666666666,601.3333333333334,983.3333333333334,6.252458214974606,77.79057653701874,81.21066548482504,58.833333333333336,1313.8333333333333,241.0,40.233687615458834,1921.1666666666667,44.833333333333336,21.0,5.51638434162273,4.7303570644941
153,,12.0,England,2026.04.8,165.66666666666666,91.10999447068536,6.166666666666667,942.5,91.16666666666669,58.833333333333336,383.0,42.5,600.5,957.1666666666666,6.588071507677483,80.13187745578655,84.13253442848765,56.333333333333336,1316.3333333333333,247.5,39.64240738334824,1974.8333333333333,33.666666666666664,20.5,5.717638927074035,4.465693721871022
154,,12.0,England,2026.04.8,216.16666666666663,91.06101271629068,5.666666666666667,937.5,87.83333333333333,56.333333333333336,368.0,49.0,608.6666666666666,963.3333333333334,6.484605785327038,79.22768054039953,82.61670125208765,54.0,1324.5,263.6666666666667,39.913347304121565,1970.1666666666667,40.16666666666666,19.5,5.586529137023291,4.585891745863509
155,,12.0,England,2026.04.8,245.66666666666663,90.95349407563874,3.5,916.6666666666666,97.33333333333331,56.66666666666666,387.8333333333333,42.333333333333336,599.6666666666666,952.8333333333334,6.43828806153284,79.51782105531998,85.36702991177297,59.0,1302.8333333333333,244.5,38.786265252824975,1895.1666666666667,37.66666666666666,19.0,5.413285352428772,4.890485127145944
156,2025-12-29,12.0,NHS Birmingham and Solihull ICB,2026.04.8,16.0,79.44041575257482,0.0,639.0,47.0,22.0,351.0,23.0,536.0,864.0,3.59617343262828,67.76139708381908,75.14093053109782,29.0,1140.0,134.0,47.79766789046028,1545.0,19.0,10.0,5.023515875578631,3.19155540679343
156,2025-12-29,12.0,NHS Greater Manchester ICB,2026.04.8,143.0,92.4427503588835,7.0,972.0,117.0,63.0,391.0,64.0,628.0,973.0,6.8056555106136445,77.29764438963088,81.38834048581076,60.0,1380.0,246.0,33.842412969919906,2174.0,36.0,22.0,5.4468559039509605,4.842360894650182
156,2025-12-29,12.0,NHS South East London ICB,2026.04.8,28.0,84.40192416266584,3.0,842.0,76.0,46.0,340.0,13.0,504.0,870.0,4.303406780878018,72.88500756353422,77.24670769879457,6.0,1130.0,201.0,41.85404668462553,1910.0,38.0,20.0,5.321164125972928,3.807437927028297
156,2025-12-29,12.0,NHS North East and North Cumbria ICB,2026.04.8,50.0,86.66875004629503,2.0,949.0,63.0,56.0,317.0,35.0,566.0,858.0,5.286956507318916,74.82224060504662,78.41508859569018,46.0,1304.0,228.0,38.87743889387234,1821.0,42.0,10.0,5.370166550332396,4.487799096556155
156,2025-12-29,12.0,NHS Devon ICB,2026.04.8,46.0,86.09577707425454,2.0,878.0,95.0,37.0,328.0,33.0,562.0,881.0,4.613466139626689,71.0242528560879,77.59220868463426,39.0,1218.0,178.0,41.64911004876842,1890.0,47.0,10.0,5.423664852749075,4.119303783648354
156,2025-12-29,12.0,NHS Nottingham and Nottinghamshire ICB,2026.04.8,1238.0,111.73386680413476,12.0,1269.0,172.0,113.0,475.0,94.0,844.0,1345.0,11.041315493993526,95.12754376462524,90.03874883475719,108.0,1560.0,293.0,31.5396695510568,2438.0,72.0,35.0,6.50975982339597,7.202192360242729
156,,12.0,England,2026.04.8,253.5,90.13058069980144,4.333333333333333,924.8333333333334,95.0,56.16666666666666,367.0,43.66666666666666,606.6666666666666,965.1666666666666,5.941162310843179,76.48634771045732,79.97033747179746,48.0,1288.6666666666667,213.3333333333333,39.26005767311721,1963.0,42.333333333333336,17.833333333333332,5.515854521996659,4.608441578153191
157,2026-01-05,1.0,NHS Birmingham and Solihull ICB,2026.04.8,21.0,82.19475331009758,1.0,742.0,47.0,27.0,229.0,12.0,533.0,758.0,4.151293507529564,74.55884815930561,78.96887167540831,12.0,1211.0,174.0,42.39855450458829,1677.0,22.0,20.0,5.0403305687270255,3.00303705923115
157,2026-01-05,1.0,NHS Greater Manchester ICB,2026.04.8,92.0,92.36978303427932,3.0,904.0,68.0,60.0,402.0,38.0,618.0,976.0,5.446409924999609,78.29375404748596,82.56000018804008,66.0,1238.0,294.0,35.3280021376352,1874.0,30.0,18.0,5.6459735315038095,4.562534171541208
157,2026-01-05,1.0,NHS South East London ICB,2026.04.8,42.0,82.21923581585634,2.0,866.0,81.0,53.0,397.0,37.0,550.0,894.0,4.831073404335371,70.82528417920696,81.4190121489018,26.0,1120.0,202.0,39.2406644421686,1780.0,28.0,13.0,4.639342136830393,3.947573708179553
157,2026-01-05,1.0,NHS North East and North Cumbria ICB,2026.04.8,46.0,83.69168595305837,5.0,858.0,53.0,39.0,348.0,27.0,515.0,867.0,4.953367573361047,72.5439940116004,77.60359569523915,46.0,1245.0,189.0,41.42644971683656,1592.0,23.0,7.0,5.132119426748087,3.150143681306043
157,2026-01-05,1.0,NHS Devon ICB,2026.04.8,27.0,86.43759894626398,3.0,807.0,82.0,40.0,387.0,31.0,498.0,822.0,5.518964427137947,67.3758071183751,78.80155599317975,40.0,1206.0,181.0,37.97293629913464,1745.0,27.0,18.0,5.167717130014262,4.427317290301451
157,2026-01-05,1.0,NHS Nottingham and Nottinghamshire ICB,2026.04.8,1542.0,114.04547246601705,16.0,1274.0,117.0,83.0,482.0,85.0,783.0,1229.0,11.646350697900616,90.50268277625878,96.0619784545738,132.0,1587.0,291.0,29.12241676501616,2366.0,78.0,32.0,5.890558422522839,6.675698881404531
157,,1.0,England,2026.04.8,295.0,90.15975492092878,5.0,908.5,74.66666666666667,50.333333333333336,374.1666666666667,38.333333333333336,582.8333333333334,924.3333333333334,6.091243255877359,75.68339504870546,82.56916902589047,53.66666666666666,1267.8333333333333,221.8333333333333,37.58150397756325,1839.0,34.666666666666664,18.0,5.252673536057736,4.294384131993989
158,2026-01-12,1.0,NHS Birmingham and Solihull ICB,2026.04.8,20.0,80.94603558097684,2.0,742.0,33.0,37.0,336.0,12.0,468.0,809.0,4.729805265474849,74.61781727209052,77.69315782898394,29.0,1201.0,218.0,44.109365431309406,1917.0,21.0,16.0,4.804556347016351,3.556650410217628
158,2026-01-12,1.0,NHS Greater Manchester ICB,2026.04.8,116.0,95.26880104768772,5.0,867.0,84.0,65.0,397.0,55.0,586.0,971.0,7.582557520379832,73.60617076660287,82.63412416907208,37.0,1253.0,291.0,35.00759639236541,1986.0,49.0,29.0,5.377170339545146,4.665008111508133
158,2026-01-12,1.0,NHS South East London ICB,2026.04.8,18.0,82.45966842674493,1.0,770.0,75.0,33.0,314.0,22.0,455.0,744.0,4.69378181734116,67.75585324552719,83.84579718383634,17.0,1106.0,186.0,43.11318578774682,1701.0,8.0,13.0,5.399638744764744,3.184897891647061
158,2026-01-12,1.0,NHS North East and North Cumbria ICB,2026.04.8,26.0,84.28569751930108,3.0,830.0,55.0,39.0,339.0,12.0,575.0,908.0,4.299715483071836,70.63099770024853,79.94292386099461,30.0,1173.0,232.0,42.92896916028364,1775.0,12.0,6.0,4.823682194294958,3.89602382423504
158,2026-01-12,1.0,NHS Devon ICB,2026.04.8,34.0,86.82167553289338,2.0,804.0,45.0,56.0,281.0,16.0,524.0,793.0,3.611554702498687,70.34073660327277,82.85648947532336,42.0,1126.0,192.0,42.94637877924613,2005.0,23.0,20.0,5.0054868221859055,3.8615269566133663
158,2026-01-12,1.0,NHS Nottingham and Nottinghamshire ICB,2026.04.8,1824.0,108.52986312675566,14.0,1247.0,161.0,107.0,479.0,93.0,777.0,1228.0,11.584402781346652,96.22567994861112,96.3945026254431,125.0,1589.0,350.0,32.45422676080837,2406.0,69.0,36.0,6.563977719491568,7.521773202870329
158,,1.0,England,2026.04.8,339.6666666666667,89.71862353905993,4.5,876.6666666666666,75.5,56.16666666666666,357.6666666666667,35.0,564.1666666666666,908.8333333333334,6.083636261685503,75.52954258939216,83.8944991906089,46.66666666666666,1241.3333333333333,244.8333333333333,40.09328705195996,1965.0,30.33333333333333,20.0,5.329085361216445,4.447646732848593
159,2026-01-19,1.0,NHS Birmingham and Solihull ICB,2026.04.8,8.0,80.28103038150668,0.0,772.0,74.0,21.0,374.0,30.0,521.0,877.0,2.8378279881610653,68.57711476352598,75.1946937687716,18.0,1131.0,154.0,42.09559487138194,1749.0,21.0,17.0,5.113055513774548,3.175693370815192
159,2026-01-19,1.0,NHS Greater Manchester ICB,2026.04.8,97.0,92.27181622007546,6.0,984.0,93.0,48.0,326.0,58.0,618.0,947.0,5.582820387862627,84.34949360495497,81.10778068952764,73.0,1331.0,235.0,34.65324894874832,2141.0,45.0,25.0,5.805613726540706,5.597164493952919
159,2026-01-19,1.0,NHS South East London ICB,2026.04.8,19.0,82.66706673748321,1.0,761.0,67.0,19.0,384.0,8.0,561.0,925.0,4.086687995469312,69.01051045913148,75.37846553922394,43.0,1170.0,236.0,42.77666969173649,1589.0,30.0,21.0,5.0376790609774345,2.877041049705974
159,2026-01-19,1.0,NHS North East and North Cumbria ICB,2026.04.8,26.0,88.65894447561932,1.0,759.0,67.0,33.0,297.0,40.0,497.0,733.0,4.572205628200907,73.0078015976343,79.75190933887588,36.0,1201.0,195.0,40.515494948949616,1971.0,37.0,24.0,5.376637933784103,4.150384852925582
159,2026-01-19,1.0,NHS Devon ICB,2026.04.8,28.0,83.47962889602705,2.0,809.0,75.0,38.0,392.0,32.0,555.0,950.0,4.809002140597389,74.00763733612891,79.28707241476316,25.0,1163.0,176.0,42.04947893722261,1794.0,36.0,15.0,5.246605606677839,3.787045320319401
159,2026-01-19,1.0,NHS Nottingham and Nottinghamshire ICB,2026.04.8,1032.0,108.21898164829013,8.0,1206.0,129.0,87.0,473.0,79.0,757.0,1219.0,11.706489601463868,88.50889972292468,87.90694568047441,128.0,1513.0,355.0,34.986242782949475,2346.0,72.0,29.0,5.970619203686384,6.915250073562976
159,,1.0,England,2026.04.8,201.66666666666663,89.26291139316697,3.0,881.8333333333334,84.16666666666667,41.0,374.3333333333333,41.16666666666666,584.8333333333334,941.8333333333334,5.599172290292528,76.24357624738339,79.77114457193944,53.833333333333336,1251.5,225.16666666666663,39.51278836349808,1931.6666666666667,40.16666666666666,21.83333333333333,5.425035174240169,4.41709652688034
160,2026-01-26,1.0,NHS Birmingham and Solihull ICB,2026.04.8,15.0,78.60892756056641,0.0,718.0,67.0,28.0,287.0,25.0,413.0,692.0,2.9206453198826887,60.01477631479672,73.36109158587536,0.0,1127.0,206.0,46.00586875801073,1672.0,24.0,10.0,4.957203825384123,2.9582757742785324
160,2026-01-26,1.0,NHS Greater Manchester ICB,2026.04.8,73.0,95.71643253634204,3.0,875.0,78.0,60.0,341.0,62.0,602.0,894.0,6.731480765773196,75.95566531016587,81.35985297544634,44.0,1313.0,255.0,36.58963471419585,2047.0,42.0,18.0,5.92114349313328,4.892435946403736
160,2026-01-26,1.0,NHS South East London ICB,2026.04.8,25.0,80.67087803596057,2.0,786.0,53.0,35.0,366.0,14.0,532.0,854.0,3.5276847579258903,64.80763796557257,77.87853541841372,30.0,1229.0,238.0,40.80373779136224,1770.0,26.0,13.0,4.875007358158092,3.230855641502828
160,2026-01-26,1.0,NHS North East and North Cumbria ICB,2026.04.8,49.0,94.0909641590014,5.0,811.0,58.0,41.0,343.0,37.0,598.0,924.0,4.4977420651784765,79.22271181623087,82.55804828405793,53.0,1234.0,228.0,46.13966931543623,1778.0,31.0,12.0,5.895898252099991,4.545265954860852
160,2026-01-26,1.0,NHS Devon ICB,2026.04.8,36.0,82.57654352878221,1.0,770.0,31.0,28.0,249.0,12.0,472.0,734.0,5.432386710573541,72.24493861167184,76.66853493157069,8.0,1104.0,226.0,43.54206647374407,1792.0,19.0,16.0,4.800542326299686,4.338595642702807
160,2026-01-26,1.0,NHS Nottingham and Nottinghamshire ICB,2026.04.8,808.0,101.87690470477594,11.0,1154.0,151.0,80.0,415.0,87.0,723.0,1137.0,9.841998459900076,85.86799545042119,91.55745515823912,99.0,1446.0,351.0,30.20798244060124,2209.0,72.0,29.0,6.562734392700952,6.387260192279772
160,,1.0,England,2026.04.8,167.66666666666666,88.92344175423808,3.6666666666666665,852.3333333333334,73.0,45.333333333333336,333.5,39.5,556.6666666666666,872.5,5.491989679872312,73.01895424480985,80.56391972560053,39.0,1242.1666666666667,250.66666666666663,40.5481599155584,1878.0,35.666666666666664,16.333333333333332,5.502088274629354,4.392114858671421
161,2026-02-02,2.0,NHS Birmingham and Solihull ICB,2026.04.8,5.0,78.49047268956417,0.0,753.0,61.0,33.0,328.0,16.0,410.0,726.0,2.5065020435455487,62.197479240716525,73.42761080420439,13.0,1093.0,210.0,44.88216133354809,1549.0,12.0,16.0,5.239174979109359,2.8746413435726907
161,2026-02-02,2.0,NHS Greater Manchester ICB,2026.04.8,196.0,93.02718466274472,6.0,1004.0,124.0,56.0,372.0,48.0,650.0,1026.0,6.413780640082316,82.21591080183546,86.92491608550625,58.0,1352.0,210.0,38.50489666838245,1943.0,39.0,22.0,5.9941376499301695,4.965302642047761
161,2026-02-02,2.0,NHS South East London ICB,2026.04.8,11.0,81.87675108752835,1.0,771.0,44.0,31.0,364.0,3.0,455.0,775.0,4.232921036693614,67.93340034567957,77.98128662636684,18.0,1111.0,166.0,43.59923106865119,1694.0,8.0,10.0,5.356476853781697,2.6786411455244634
161,2026-02-02,2.0,NHS North East and North Cumbria ICB,2026.04.8,155.0,90.92774957434466,5.0,940.0,89.0,58.0,378.0,38.0,666.0,1026.0,8.066579386689154,81.06517621302277,92.46614852005624,66.0,1369.0,255.0,35.10384071978754,1937.0,43.0,27.0,5.685755959453831,5.060280647608996
161,2026-02-02,2.0,NHS Devon ICB,2026.04.8,20.0,78.64654097838788,1.0,766.0,41.0,27.0,379.0,40.0,564.0,892.0,3.608609487076607,70.42849606317257,77.40844989399606,35.0,1119.0,204.0,45.93866978974633,1682.0,24.0,10.0,5.675061443894455,4.305595210613447
161,2026-02-02,2.0,NHS Nottingham and Nottinghamshire ICB,2026.04.8,323.0,101.8891773446714,6.0,1057.0,101.0,86.0,394.0,79.0,691.0,1065.0,9.00622470688599,88.69839567092859,86.02616588391786,93.0,1383.0,353.0,32.93344881819068,2127.0,48.0,27.0,6.172118386147965,6.035008173780645
161,,2.0,England,2026.04.8,118.33333333333331,87.47631272287352,3.1666666666666665,881.8333333333334,76.66666666666667,48.5,369.1666666666667,37.333333333333336,572.6666666666666,918.3333333333334,5.639102883495538,75.42314305589258,82.3724296356746,47.16666666666666,1237.8333333333333,233.0,40.16037473305104,1822.0,29.0,18.666666666666668,5.687120878719579,4.319911527191334
162,2026-02-09,2.0,NHS Birmingham and Solihull ICB,2026.04.8,16.0,79.71963485764002,0.0,664.0,44.0,15.0,319.0,0.0,463.0,786.0,3.227488206890892,71.63173807923461,72.55586508143281,17.0,1072.0,152.0,50.31480343682527,1663.0,11.0,18.0,5.021093135174902,2.736893833696173
162,2026-02-09,2.0,NHS Greater Manchester ICB,2026.04.8,93.0,92.08903078821996,3.0,923.0,128.0,55.0,324.0,67.0,581.0,865.0,8.461633163218128,78.04634883660204,82.72146440408864,40.0,1259.0,216.0,40.16447186422363,2034.0,26.0,20.0,5.617082560711827,4.416453127599685
162,2026-02-09,2.0,NHS South East London ICB,2026.04.8,16.0,84.32600705541593,0.0,739.0,58.0,50.0,352.0,22.0,506.0,848.0,2.905081678340387,68.17155798275019,80.7608229066028,12.0,1158.0,169.0,45.88890816948249,1829.0,17.0,9.0,5.414451421683,3.639672556412821
162,2026-02-09,2.0,NHS North East and North Cumbria ICB,2026.04.8,76.0,87.75165537700875,3.0,907.0,94.0,60.0,337.0,40.0,570.0,940.0,5.2516021132633455,72.66670326482557,81.5706039719298,57.0,1315.0,220.0,43.49114783546322,1879.0,48.0,17.0,5.476230746304098,4.295395494785698
162,2026-02-09,2.0,NHS Devon ICB,2026.04.8,12.0,77.74538890427837,0.0,648.0,19.0,19.0,300.0,4.0,420.0,728.0,2.4935058407532105,62.90133971514667,73.18445324081407,18.0,1089.0,215.0,45.80148604477365,1744.0,31.0,23.0,5.056386288004258,3.460074091467155
162,2026-02-09,2.0,NHS Nottingham and Nottinghamshire ICB,2026.04.8,462.0,108.47715726159292,9.0,1225.0,127.0,69.0,443.0,75.0,702.0,1076.0,9.91579014292239,89.85554293575998,87.65020098693523,96.0,1343.0,294.0,35.067627003997,2216.0,54.0,30.0,6.008931904721309,6.203467525663708
162,,2.0,England,2026.04.8,112.5,88.35147904069265,2.5,851.0,78.33333333333333,44.66666666666666,345.8333333333333,34.666666666666664,540.3333333333334,873.8333333333334,5.375850190898059,73.87887180238651,79.74056843196722,40.0,1206.0,211.0,43.45474072579421,1894.1666666666667,31.166666666666668,19.5,5.432362676099899,4.12532610493754
163,2026-02-16,2.0,NHS Birmingham and Solihull ICB,2026.04.8,10.0,78.2980266259278,0.0,760.0,71.0,38.0,336.0,0.0,457.0,766.0,3.1312475153609305,57.83879377709897,70.11075641512387,30.0,1022.0,175.0,45.23860832520681,1657.0,1.0,15.0,4.964983881069455,2.51529939702471
163,2026-02-16,2.0,NHS Greater Manchester ICB,2026.04.8,119.0,90.67424566037252,2.0,1012.0,119.0,50.0,399.0,60.0,646.0,1014.0,6.766795174652758,85.95182602778578,81.39658508785357,68.0,1286.0,281.0,36.9118879224712,1994.0,35.0,24.0,6.237721955885736,5.378896557395277
163,2026-02-16,2.0,NHS South East London ICB,2026.04.8,20.0,87.81549281953582,2.0,804.0,42.0,42.0,354.0,33.0,472.0,834.0,4.903348817776784,72.48492974032688,83.55218813317983,37.0,1081.0,189.0,45.0544006244622,1738.0,10.0,14.0,5.432713453682434,3.578225436866933
163,2026-02-16,2.0,NHS North East and North Cumbria ICB,2026.04.8,44.0,82.79327859931111,3.0,806.0,47.0,46.0,363.0,28.0,518.0,840.0,4.788158468384334,71.20120719635402,75.34127518964043,44.0,1304.0,231.0,41.86998183307326,2016.0,49.0,13.0,5.265733363384498,3.5805313681783284
163,2026-02-16,2.0,NHS Devon ICB,2026.04.8,7.0,79.4004178172316,0.0,643.0,28.0,26.0,273.0,0.0,418.0,623.0,2.3033716289585886,65.73433997353423,72.0913136721176,0.0,1114.0,187.0,43.875745873580655,1663.0,21.0,13.0,4.711526280384301,2.465044910557784
163,2026-02-16,2.0,NHS Nottingham and Nottinghamshire ICB,2026.04.8,944.0,111.11167589577008,9.0,1149.0,130.0,90.0,478.0,67.0,812.0,1281.0,10.220325621554252,88.95192923683287,95.62537444112029,98.0,1558.0,316.0,31.895713223991194,2264.0,75.0,37.0,6.312500763069543,6.113663858453293
163,,2.0,England,2026.04.8,190.66666666666663,88.34885623635815,2.6666666666666665,862.3333333333334,72.83333333333333,48.66666666666666,367.1666666666667,31.33333333333333,553.8333333333334,893.0,5.352207871114608,73.69383765865545,79.68624882317259,46.16666666666666,1227.5,229.8333333333333,40.807722967130886,1888.6666666666667,31.83333333333333,19.33333333333333,5.487529949579328,3.938610254746054
164,2026-02-23,2.0,NHS Birmingham and Solihull ICB,2026.04.8,16.0,79.00470107187651,0.0,671.0,25.0,36.0,296.0,1.0,442.0,729.0,3.722748960132671,70.1599077102214,65.44995106715686,3.0,1137.0,158.0,44.98819472473615,1584.0,30.0,14.0,4.525886661472295,3.2253334502806137
164,2026-02-23,2.0,NHS Greater Manchester ICB,2026.04.8,56.0,89.4518953892255,5.0,863.0,112.0,66.0,356.0,36.0,668.0,991.0,5.13518618147116,77.45911508426828,71.72035451955261,69.0,1294.0,268.0,37.55401332118126,2159.0,35.0,16.0,5.457204760752067,3.894832727796452
164,2026-02-23,2.0,NHS South East London ICB,2026.04.8,61.0,89.71728703943194,3.0,902.0,113.0,38.0,408.0,33.0,529.0,917.0,3.9700552890034495,79.48304337438107,77.52427973874477,31.0,1179.0,232.0,39.468954193326255,1799.0,39.0,15.0,4.893660691505677,4.80531035732961
164,2026-02-23,2.0,NHS North East and North Cumbria ICB,2026.04.8,25.0,82.11384458596511,0.0,770.0,36.0,37.0,369.0,26.0,519.0,877.0,4.404591131828036,70.99540571366487,76.57743996770377,10.0,1139.0,211.0,43.66662469730627,1848.0,32.0,23.0,5.206580367914693,2.908751148505305
164,2026-02-23,2.0,NHS Devon ICB,2026.04.8,10.0,78.23307520960147,0.0,750.0,34.0,45.0,316.0,7.0,479.0,823.0,4.831308081900451,71.2146741427077,79.14066155939815,22.0,1113.0,164.0,41.47415607133633,1676.0,18.0,12.0,5.2700090339959385,3.09549224552411
164,2026-02-23,2.0,NHS Nottingham and Nottinghamshire ICB,2026.04.8,1589.0,111.5597327852156,10.0,1286.0,126.0,106.0,453.0,108.0,781.0,1263.0,12.055328672131536,98.39943748468733,93.28832279820833,116.0,1615.0,341.0,27.585334369873543,2303.0,70.0,44.0,6.20668543460338,6.961381621714926
164,,2.0,England,2026.04.8,292.8333333333333,88.34675601355269,3.0,873.6666666666666,74.33333333333333,54.66666666666666,366.3333333333333,35.166666666666664,569.6666666666666,933.3333333333334,5.686536386077884,77.95193058498843,77.28350160846075,41.833333333333336,1246.1666666666667,229.0,39.122879562959966,1894.8333333333333,37.333333333333336,20.666666666666668,5.260004491707342,4.148516925191836
165,2026-03-02,3.0,NHS Birmingham and Solihull ICB,2026.04.8,9.0,78.55095830281061,0.0,719.0,35.0,27.0,365.0,16.0,535.0,873.0,3.4880370998469217,69.79073746952547,78.60291726999492,10.0,1153.0,165.0,47.82413917762848,1768.0,18.0,7.0,5.507741385149688,2.7620862501125796
165,2026-03-02,3.0,NHS Greater Manchester ICB,2026.04.8,31.0,90.3944446399264,5.0,865.0,96.0,44.0,411.0,38.0,578.0,962.0,5.382257970994324,71.79044216167237,83.18753941195068,47.0,1235.0,278.0,43.44126945070366,1722.0,39.0,16.0,5.280745299245296,3.9993129786934722
165,2026-03-02,3.0,NHS South East London ICB,2026.04.8,46.0,86.29501055603698,2.0,869.0,92.0,52.0,371.0,23.0,565.0,899.0,5.654780367186848,76.10263576547646,74.01784735343149,58.0,1235.0,257.0,39.463214753841655,1760.0,43.0,20.0,5.217333881925145,3.854209990778873
165,2026-03-02,3.0,NHS North East and North Cumbria ICB,2026.04.8,11.0,81.08751588387828,2.0,815.0,60.0,49.0,267.0,18.0,506.0,727.0,3.463584551154833,69.25461119444999,75.46634096841167,34.0,1118.0,233.0,43.11369913002218,1858.0,18.0,22.0,5.344250576575113,3.2128887644340276
165,2026-03-02,3.0,NHS Devon ICB,2026.04.8,5.0,77.40656074745208,0.0,675.0,43.0,16.0,366.0,17.0,447.0,836.0,2.645253668696574,66.35491152759802,71.93186131601115,20.0,1160.0,216.0,43.825653780670905,1592.0,14.0,16.0,5.027893822679754,3.13642385695097
165,2026-03-02,3.0,NHS Nottingham and Nottinghamshire ICB,2026.04.8,2376.0,111.28068303167564,7.0,1300.0,177.0,89.0,459.0,92.0,748.0,1220.0,11.74795676697219,100.35670025963239,96.41664226946436,128.0,1610.0,357.0,30.434232866206,2240.0,67.0,34.0,6.711766162567774,7.308715508377453
165,,3.0,England,2026.04.8,413.0,87.50252886029666,2.6666666666666665,873.8333333333334,83.83333333333333,46.166666666666664,373.1666666666667,34.0,563.1666666666666,919.5,5.396978404141948,75.60833972972578,79.93719143154404,49.5,1251.8333333333333,251.0,41.35036819317882,1823.3333333333333,33.166666666666664,19.166666666666668,5.514955188023795,4.0456062248912295
